INSERT INTO `ums_admin` (`id`, `username`, `password`, `icon`, `email`, `nick_name`, `note`, `sales_channel_id`, `order_country_num`, `create_time`, `login_time`, `status`) VALUES (1, 'test', '$2a$10$NZ5o7r2E.ayT2ZoxgjlI.eJ6OEYqjH7INR/F.mXDbjZJi9HF0YCVG', 'https://macro-oss.oss-cn-shenzhen.aliyuncs.com/mall/icon/github_icon_02.png', 'test@qq.com', '测试账号', NULL, NULL, NULL, '2018-09-29 13:55:30', '2018-09-29 13:55:39', 1);
INSERT INTO `ums_admin` (`id`, `username`, `password`, `icon`, `email`, `nick_name`, `note`, `sales_channel_id`, `order_country_num`, `create_time`, `login_time`, `status`) VALUES (3, 'admin', '$2a$10$.E1FokumK5GIXWgKlg.Hc.i/0/2.qdAwYFL1zc5QHdyzpXOr38RZO', 'https://macro-oss.oss-cn-shenzhen.aliyuncs.com/mall/icon/github_icon_01.png', 'admin@163.com', '系统管理员', '系统管理员', 2547, '中国', '2018-10-08 13:32:47', '2019-04-20 12:45:16', 1);
INSERT INTO `ums_admin` (`id`, `username`, `password`, `icon`, `email`, `nick_name`, `note`, `sales_channel_id`, `order_country_num`, `create_time`, `login_time`, `status`) VALUES (4, 'macro', '$2a$10$Bx4jZPR7GhEpIQfefDQtVeS58GfT5n6mxs/b4nLLK65eMFa16topa', 'https://macro-oss.oss-cn-shenzhen.aliyuncs.com/mall/icon/github_icon_01.png', 'macro@qq.com', 'macro', 'macro专用', NULL, NULL, '2019-10-06 15:53:51', '2020-02-03 14:55:55', 1);
INSERT INTO `ums_admin` (`id`, `username`, `password`, `icon`, `email`, `nick_name`, `note`, `sales_channel_id`, `order_country_num`, `create_time`, `login_time`, `status`) VALUES (6, 'productAdmin', '$2a$10$6/.J.p.6Bhn7ic4GfoB5D.pGd7xSiD1a9M6ht6yO0fxzlKJPjRAGm', 'https://macro-oss.oss-cn-shenzhen.aliyuncs.com/mall/icon/github_icon_03.png', 'product@qq.com', '商品管理员', '只有商品权限', NULL, NULL, '2020-02-07 16:15:08', NULL, 1);
INSERT INTO `ums_admin` (`id`, `username`, `password`, `icon`, `email`, `nick_name`, `note`, `sales_channel_id`, `order_country_num`, `create_time`, `login_time`, `status`) VALUES (7, 'orderAdmin', '$2a$10$UqEhA9UZXjHHA3B.L9wNG.6aerrBjC6WHTtbv1FdvYPUI.7lkL6E.', 'https://macro-oss.oss-cn-shenzhen.aliyuncs.com/mall/icon/github_icon_04.png', 'order@qq.com', '订单管理员', '只有订单管理权限', NULL, NULL, '2020-02-07 16:15:50', NULL, 1);
INSERT INTO `ums_admin` (`id`, `username`, `password`, `icon`, `email`, `nick_name`, `note`, `sales_channel_id`, `order_country_num`, `create_time`, `login_time`, `status`) VALUES (8, 'test123', '$2a$10$M1qJguEzwoAN0la7PB8UO.HOGe1xZGku7xw1iTaUUpY0ZVRCxrxoO', 'string', 'abc@qq.com', 'string', 'string', 2547, NULL, '2022-08-07 14:45:42', NULL, 1);
INSERT INTO `ums_admin` (`id`, `username`, `password`, `icon`, `email`, `nick_name`, `note`, `sales_channel_id`, `order_country_num`, `create_time`, `login_time`, `status`) VALUES (9, 'test256', '$2a$10$kTMBrt8mkXcO8T4eHThFWOf3KuNK6tqevkiAf4YbtXtaCJ6ocYkJa', 'string', 'abc@qq.com', 'string', 'string', 3742, NULL, '2022-08-07 14:52:57', NULL, 1);
INSERT INTO `ums_admin` (`id`, `username`, `password`, `icon`, `email`, `nick_name`, `note`, `sales_channel_id`, `order_country_num`, `create_time`, `login_time`, `status`) VALUES (10, 'test1267', '$2a$10$VUywDhXVPY13YZxMD/uPWeDqkzSozN7o8u/3MX6sBig2NK2VaTJZ2', NULL, 'test1267@qq.com', 'test1267', 'test1267', 1264, NULL, '2023-01-04 16:13:34', NULL, 1);
INSERT INTO `ums_admin` (`id`, `username`, `password`, `icon`, `email`, `nick_name`, `note`, `sales_channel_id`, `order_country_num`, `create_time`, `login_time`, `status`) VALUES (11, 'test123', '$2a$10$M1qJguEzwoAN0la7PB8UO.HOGe1xZGku7xw1iTaUUpY0ZVRCxrxoO', 'string', 'abc@qq.com', 'string', 'string', NULL, NULL, '2022-08-07 14:45:42', NULL, 1);
INSERT INTO `ums_admin` (`id`, `username`, `password`, `icon`, `email`, `nick_name`, `note`, `sales_channel_id`, `order_country_num`, `create_time`, `login_time`, `status`) VALUES (12, 'test123', '$2a$10$M1qJguEzwoAN0la7PB8UO.HOGe1xZGku7xw1iTaUUpY0ZVRCxrxoO', 'string', 'abc@qq.com', 'string', 'string', NULL, NULL, '2022-08-07 14:45:42', NULL, 1);
INSERT INTO `ums_admin_login_log` (`id`, `admin_id`, `create_time`, `ip`, `address`, `user_agent`) VALUES (1, 3, '2018-12-23 14:27:00', '0:0:0:0:0:0:0:1', NULL, NULL);
INSERT INTO `ums_admin_login_log` (`id`, `admin_id`, `create_time`, `ip`, `address`, `user_agent`) VALUES (2, 3, '2019-04-07 16:04:39', '0:0:0:0:0:0:0:1', NULL, NULL);
INSERT INTO `ums_admin_login_log` (`id`, `admin_id`, `create_time`, `ip`, `address`, `user_agent`) VALUES (3, 3, '2019-04-08 21:47:52', '0:0:0:0:0:0:0:1', NULL, NULL);
INSERT INTO `ums_admin_login_log` (`id`, `admin_id`, `create_time`, `ip`, `address`, `user_agent`) VALUES (4, 3, '2019-04-08 21:48:18', '0:0:0:0:0:0:0:1', NULL, NULL);
INSERT INTO `ums_admin_login_log` (`id`, `admin_id`, `create_time`, `ip`, `address`, `user_agent`) VALUES (5, 3, '2019-04-18 22:18:40', '0:0:0:0:0:0:0:1', NULL, NULL);
INSERT INTO `ums_admin_login_log` (`id`, `admin_id`, `create_time`, `ip`, `address`, `user_agent`) VALUES (6, 3, '2019-04-20 12:45:16', '0:0:0:0:0:0:0:1', NULL, NULL);
INSERT INTO `ums_admin_login_log` (`id`, `admin_id`, `create_time`, `ip`, `address`, `user_agent`) VALUES (7, 3, '2019-05-19 14:52:12', '0:0:0:0:0:0:0:1', NULL, NULL);
INSERT INTO `ums_admin_login_log` (`id`, `admin_id`, `create_time`, `ip`, `address`, `user_agent`) VALUES (8, 3, '2019-05-25 15:00:17', '0:0:0:0:0:0:0:1', NULL, NULL);
INSERT INTO `ums_admin_login_log` (`id`, `admin_id`, `create_time`, `ip`, `address`, `user_agent`) VALUES (9, 3, '2019-06-19 20:11:42', '0:0:0:0:0:0:0:1', NULL, NULL);
INSERT INTO `ums_admin_login_log` (`id`, `admin_id`, `create_time`, `ip`, `address`, `user_agent`) VALUES (10, 3, '2019-06-30 10:33:48', '0:0:0:0:0:0:0:1', NULL, NULL);
INSERT INTO `ums_admin_login_log` (`id`, `admin_id`, `create_time`, `ip`, `address`, `user_agent`) VALUES (11, 3, '2019-06-30 10:34:31', '0:0:0:0:0:0:0:1', NULL, NULL);
INSERT INTO `ums_admin_login_log` (`id`, `admin_id`, `create_time`, `ip`, `address`, `user_agent`) VALUES (12, 3, '2019-06-30 10:35:34', '0:0:0:0:0:0:0:1', NULL, NULL);
INSERT INTO `ums_admin_login_log` (`id`, `admin_id`, `create_time`, `ip`, `address`, `user_agent`) VALUES (13, 3, '2019-07-27 17:11:01', '0:0:0:0:0:0:0:1', NULL, NULL);
INSERT INTO `ums_admin_login_log` (`id`, `admin_id`, `create_time`, `ip`, `address`, `user_agent`) VALUES (14, 3, '2019-07-27 17:13:18', '0:0:0:0:0:0:0:1', NULL, NULL);
INSERT INTO `ums_admin_login_log` (`id`, `admin_id`, `create_time`, `ip`, `address`, `user_agent`) VALUES (15, 3, '2019-07-27 17:15:35', '0:0:0:0:0:0:0:1', NULL, NULL);
INSERT INTO `ums_admin_login_log` (`id`, `admin_id`, `create_time`, `ip`, `address`, `user_agent`) VALUES (16, 3, '2019-07-27 17:17:11', '0:0:0:0:0:0:0:1', NULL, NULL);
INSERT INTO `ums_admin_login_log` (`id`, `admin_id`, `create_time`, `ip`, `address`, `user_agent`) VALUES (17, 3, '2019-07-27 17:18:34', '0:0:0:0:0:0:0:1', NULL, NULL);
INSERT INTO `ums_admin_login_log` (`id`, `admin_id`, `create_time`, `ip`, `address`, `user_agent`) VALUES (18, 3, '2019-07-27 21:21:52', '0:0:0:0:0:0:0:1', NULL, NULL);
INSERT INTO `ums_admin_login_log` (`id`, `admin_id`, `create_time`, `ip`, `address`, `user_agent`) VALUES (19, 3, '2019-07-27 21:34:29', '0:0:0:0:0:0:0:1', NULL, NULL);
INSERT INTO `ums_admin_login_log` (`id`, `admin_id`, `create_time`, `ip`, `address`, `user_agent`) VALUES (20, 3, '2019-07-27 21:35:17', '0:0:0:0:0:0:0:1', NULL, NULL);
INSERT INTO `ums_admin_login_log` (`id`, `admin_id`, `create_time`, `ip`, `address`, `user_agent`) VALUES (21, 3, '2019-07-27 21:35:48', '0:0:0:0:0:0:0:1', NULL, NULL);
INSERT INTO `ums_admin_login_log` (`id`, `admin_id`, `create_time`, `ip`, `address`, `user_agent`) VALUES (22, 3, '2019-07-27 21:40:33', '0:0:0:0:0:0:0:1', NULL, NULL);
INSERT INTO `ums_admin_login_log` (`id`, `admin_id`, `create_time`, `ip`, `address`, `user_agent`) VALUES (23, 3, '2019-08-18 16:00:38', '0:0:0:0:0:0:0:1', NULL, NULL);
INSERT INTO `ums_admin_login_log` (`id`, `admin_id`, `create_time`, `ip`, `address`, `user_agent`) VALUES (24, 3, '2019-08-18 16:01:06', '0:0:0:0:0:0:0:1', NULL, NULL);
INSERT INTO `ums_admin_login_log` (`id`, `admin_id`, `create_time`, `ip`, `address`, `user_agent`) VALUES (25, 3, '2019-08-18 16:47:01', '0:0:0:0:0:0:0:1', NULL, NULL);
INSERT INTO `ums_admin_login_log` (`id`, `admin_id`, `create_time`, `ip`, `address`, `user_agent`) VALUES (26, 3, '2019-10-06 15:54:23', '0:0:0:0:0:0:0:1', NULL, NULL);
INSERT INTO `ums_admin_login_log` (`id`, `admin_id`, `create_time`, `ip`, `address`, `user_agent`) VALUES (27, 3, '2019-10-06 16:03:28', '0:0:0:0:0:0:0:1', NULL, NULL);
INSERT INTO `ums_admin_login_log` (`id`, `admin_id`, `create_time`, `ip`, `address`, `user_agent`) VALUES (28, 3, '2019-10-06 16:04:51', '0:0:0:0:0:0:0:1', NULL, NULL);
INSERT INTO `ums_admin_login_log` (`id`, `admin_id`, `create_time`, `ip`, `address`, `user_agent`) VALUES (29, 3, '2019-10-06 16:06:44', '0:0:0:0:0:0:0:1', NULL, NULL);
INSERT INTO `ums_admin_login_log` (`id`, `admin_id`, `create_time`, `ip`, `address`, `user_agent`) VALUES (30, 3, '2019-10-06 16:14:51', '0:0:0:0:0:0:0:1', NULL, NULL);
INSERT INTO `ums_admin_login_log` (`id`, `admin_id`, `create_time`, `ip`, `address`, `user_agent`) VALUES (31, 1, '2019-10-06 16:15:09', '0:0:0:0:0:0:0:1', NULL, NULL);
INSERT INTO `ums_admin_login_log` (`id`, `admin_id`, `create_time`, `ip`, `address`, `user_agent`) VALUES (32, 1, '2019-10-06 16:16:14', '0:0:0:0:0:0:0:1', NULL, NULL);
INSERT INTO `ums_admin_login_log` (`id`, `admin_id`, `create_time`, `ip`, `address`, `user_agent`) VALUES (33, 3, '2019-10-06 16:16:35', '0:0:0:0:0:0:0:1', NULL, NULL);
INSERT INTO `ums_admin_login_log` (`id`, `admin_id`, `create_time`, `ip`, `address`, `user_agent`) VALUES (34, 3, '2019-10-06 16:16:42', '0:0:0:0:0:0:0:1', NULL, NULL);
INSERT INTO `ums_admin_login_log` (`id`, `admin_id`, `create_time`, `ip`, `address`, `user_agent`) VALUES (35, 3, '2019-10-07 15:20:48', '0:0:0:0:0:0:0:1', NULL, NULL);
INSERT INTO `ums_admin_login_log` (`id`, `admin_id`, `create_time`, `ip`, `address`, `user_agent`) VALUES (36, 3, '2019-10-07 15:40:07', '0:0:0:0:0:0:0:1', NULL, NULL);
INSERT INTO `ums_admin_login_log` (`id`, `admin_id`, `create_time`, `ip`, `address`, `user_agent`) VALUES (37, 3, '2019-10-07 16:34:15', '0:0:0:0:0:0:0:1', NULL, NULL);
INSERT INTO `ums_admin_login_log` (`id`, `admin_id`, `create_time`, `ip`, `address`, `user_agent`) VALUES (38, 3, '2019-10-09 21:19:08', '0:0:0:0:0:0:0:1', NULL, NULL);
INSERT INTO `ums_admin_login_log` (`id`, `admin_id`, `create_time`, `ip`, `address`, `user_agent`) VALUES (39, 4, '2019-10-09 21:30:35', '0:0:0:0:0:0:0:1', NULL, NULL);
INSERT INTO `ums_admin_login_log` (`id`, `admin_id`, `create_time`, `ip`, `address`, `user_agent`) VALUES (40, 4, '2019-10-09 21:31:30', '0:0:0:0:0:0:0:1', NULL, NULL);
INSERT INTO `ums_admin_login_log` (`id`, `admin_id`, `create_time`, `ip`, `address`, `user_agent`) VALUES (41, 4, '2019-10-09 21:32:39', '0:0:0:0:0:0:0:1', NULL, NULL);
INSERT INTO `ums_admin_login_log` (`id`, `admin_id`, `create_time`, `ip`, `address`, `user_agent`) VALUES (42, 4, '2019-10-09 21:33:27', '0:0:0:0:0:0:0:1', NULL, NULL);
INSERT INTO `ums_admin_login_log` (`id`, `admin_id`, `create_time`, `ip`, `address`, `user_agent`) VALUES (43, 4, '2019-10-09 21:33:50', '0:0:0:0:0:0:0:1', NULL, NULL);
INSERT INTO `ums_admin_login_log` (`id`, `admin_id`, `create_time`, `ip`, `address`, `user_agent`) VALUES (44, 3, '2019-10-20 16:02:53', '0:0:0:0:0:0:0:1', NULL, NULL);
INSERT INTO `ums_admin_login_log` (`id`, `admin_id`, `create_time`, `ip`, `address`, `user_agent`) VALUES (45, 3, '2019-10-23 21:20:55', '0:0:0:0:0:0:0:1', NULL, NULL);
INSERT INTO `ums_admin_login_log` (`id`, `admin_id`, `create_time`, `ip`, `address`, `user_agent`) VALUES (46, 3, '2019-10-27 21:41:45', '0:0:0:0:0:0:0:1', NULL, NULL);
INSERT INTO `ums_admin_login_log` (`id`, `admin_id`, `create_time`, `ip`, `address`, `user_agent`) VALUES (47, 3, '2019-11-09 16:44:57', '0:0:0:0:0:0:0:1', NULL, NULL);
INSERT INTO `ums_admin_login_log` (`id`, `admin_id`, `create_time`, `ip`, `address`, `user_agent`) VALUES (48, 3, '2019-11-09 16:46:56', '0:0:0:0:0:0:0:1', NULL, NULL);
INSERT INTO `ums_admin_login_log` (`id`, `admin_id`, `create_time`, `ip`, `address`, `user_agent`) VALUES (49, 3, '2019-11-09 16:49:55', '0:0:0:0:0:0:0:1', NULL, NULL);
INSERT INTO `ums_admin_login_log` (`id`, `admin_id`, `create_time`, `ip`, `address`, `user_agent`) VALUES (50, 3, '2019-11-23 14:17:16', '0:0:0:0:0:0:0:1', NULL, NULL);
INSERT INTO `ums_admin_login_log` (`id`, `admin_id`, `create_time`, `ip`, `address`, `user_agent`) VALUES (51, 6, '2019-11-23 14:52:30', '0:0:0:0:0:0:0:1', NULL, NULL);
INSERT INTO `ums_admin_login_log` (`id`, `admin_id`, `create_time`, `ip`, `address`, `user_agent`) VALUES (52, 3, '2019-11-23 15:07:24', '0:0:0:0:0:0:0:1', NULL, NULL);
INSERT INTO `ums_admin_login_log` (`id`, `admin_id`, `create_time`, `ip`, `address`, `user_agent`) VALUES (53, 3, '2019-11-30 21:25:30', '192.168.3.185', NULL, NULL);
INSERT INTO `ums_admin_login_log` (`id`, `admin_id`, `create_time`, `ip`, `address`, `user_agent`) VALUES (54, 3, '2019-11-30 21:27:54', '192.168.3.185', NULL, NULL);
INSERT INTO `ums_admin_login_log` (`id`, `admin_id`, `create_time`, `ip`, `address`, `user_agent`) VALUES (55, 3, '2019-12-28 15:23:01', '0:0:0:0:0:0:0:1', NULL, NULL);
INSERT INTO `ums_admin_login_log` (`id`, `admin_id`, `create_time`, `ip`, `address`, `user_agent`) VALUES (56, 3, '2020-01-01 15:21:46', '0:0:0:0:0:0:0:1', NULL, NULL);
INSERT INTO `ums_admin_login_log` (`id`, `admin_id`, `create_time`, `ip`, `address`, `user_agent`) VALUES (57, 3, '2020-01-04 16:00:54', '192.168.3.185', NULL, NULL);
INSERT INTO `ums_admin_login_log` (`id`, `admin_id`, `create_time`, `ip`, `address`, `user_agent`) VALUES (58, 3, '2020-02-01 15:05:19', '0:0:0:0:0:0:0:1', NULL, NULL);
INSERT INTO `ums_admin_login_log` (`id`, `admin_id`, `create_time`, `ip`, `address`, `user_agent`) VALUES (59, 3, '2020-02-01 15:36:05', '0:0:0:0:0:0:0:1', NULL, NULL);
INSERT INTO `ums_admin_login_log` (`id`, `admin_id`, `create_time`, `ip`, `address`, `user_agent`) VALUES (60, 3, '2020-02-01 15:36:36', '0:0:0:0:0:0:0:1', NULL, NULL);
INSERT INTO `ums_admin_login_log` (`id`, `admin_id`, `create_time`, `ip`, `address`, `user_agent`) VALUES (61, 3, '2020-02-01 15:37:30', '0:0:0:0:0:0:0:1', NULL, NULL);
INSERT INTO `ums_admin_login_log` (`id`, `admin_id`, `create_time`, `ip`, `address`, `user_agent`) VALUES (62, 3, '2020-02-01 15:37:46', '0:0:0:0:0:0:0:1', NULL, NULL);
INSERT INTO `ums_admin_login_log` (`id`, `admin_id`, `create_time`, `ip`, `address`, `user_agent`) VALUES (63, 3, '2020-02-01 15:38:20', '0:0:0:0:0:0:0:1', NULL, NULL);
INSERT INTO `ums_admin_login_log` (`id`, `admin_id`, `create_time`, `ip`, `address`, `user_agent`) VALUES (64, 3, '2020-02-01 15:38:33', '0:0:0:0:0:0:0:1', NULL, NULL);
INSERT INTO `ums_admin_login_log` (`id`, `admin_id`, `create_time`, `ip`, `address`, `user_agent`) VALUES (65, 3, '2020-02-01 15:39:06', '0:0:0:0:0:0:0:1', NULL, NULL);
INSERT INTO `ums_admin_login_log` (`id`, `admin_id`, `create_time`, `ip`, `address`, `user_agent`) VALUES (66, 3, '2020-02-01 15:41:31', '0:0:0:0:0:0:0:1', NULL, NULL);
INSERT INTO `ums_admin_login_log` (`id`, `admin_id`, `create_time`, `ip`, `address`, `user_agent`) VALUES (67, 3, '2020-02-01 15:43:17', '0:0:0:0:0:0:0:1', NULL, NULL);
INSERT INTO `ums_admin_login_log` (`id`, `admin_id`, `create_time`, `ip`, `address`, `user_agent`) VALUES (68, 3, '2020-02-01 15:44:34', '0:0:0:0:0:0:0:1', NULL, NULL);
INSERT INTO `ums_admin_login_log` (`id`, `admin_id`, `create_time`, `ip`, `address`, `user_agent`) VALUES (69, 3, '2020-02-01 15:45:10', '0:0:0:0:0:0:0:1', NULL, NULL);
INSERT INTO `ums_admin_login_log` (`id`, `admin_id`, `create_time`, `ip`, `address`, `user_agent`) VALUES (70, 3, '2020-02-01 15:46:04', '0:0:0:0:0:0:0:1', NULL, NULL);
INSERT INTO `ums_admin_login_log` (`id`, `admin_id`, `create_time`, `ip`, `address`, `user_agent`) VALUES (71, 3, '2020-02-01 15:48:33', '0:0:0:0:0:0:0:1', NULL, NULL);
INSERT INTO `ums_admin_login_log` (`id`, `admin_id`, `create_time`, `ip`, `address`, `user_agent`) VALUES (72, 3, '2020-02-01 16:00:07', '0:0:0:0:0:0:0:1', NULL, NULL);
INSERT INTO `ums_admin_login_log` (`id`, `admin_id`, `create_time`, `ip`, `address`, `user_agent`) VALUES (73, 3, '2020-02-01 16:07:25', '0:0:0:0:0:0:0:1', NULL, NULL);
INSERT INTO `ums_admin_login_log` (`id`, `admin_id`, `create_time`, `ip`, `address`, `user_agent`) VALUES (74, 3, '2020-02-01 16:08:22', '0:0:0:0:0:0:0:1', NULL, NULL);
INSERT INTO `ums_admin_login_log` (`id`, `admin_id`, `create_time`, `ip`, `address`, `user_agent`) VALUES (75, 3, '2020-02-02 15:28:13', '0:0:0:0:0:0:0:1', NULL, NULL);
INSERT INTO `ums_admin_login_log` (`id`, `admin_id`, `create_time`, `ip`, `address`, `user_agent`) VALUES (76, 3, '2020-02-02 15:44:37', '0:0:0:0:0:0:0:1', NULL, NULL);
INSERT INTO `ums_admin_login_log` (`id`, `admin_id`, `create_time`, `ip`, `address`, `user_agent`) VALUES (77, 3, '2020-02-02 15:45:25', '0:0:0:0:0:0:0:1', NULL, NULL);
INSERT INTO `ums_admin_login_log` (`id`, `admin_id`, `create_time`, `ip`, `address`, `user_agent`) VALUES (78, 3, '2020-02-02 15:52:32', '0:0:0:0:0:0:0:1', NULL, NULL);
INSERT INTO `ums_admin_login_log` (`id`, `admin_id`, `create_time`, `ip`, `address`, `user_agent`) VALUES (79, 3, '2020-02-02 15:53:44', '0:0:0:0:0:0:0:1', NULL, NULL);
INSERT INTO `ums_admin_login_log` (`id`, `admin_id`, `create_time`, `ip`, `address`, `user_agent`) VALUES (80, 3, '2020-02-02 15:54:36', '0:0:0:0:0:0:0:1', NULL, NULL);
INSERT INTO `ums_admin_login_log` (`id`, `admin_id`, `create_time`, `ip`, `address`, `user_agent`) VALUES (81, 3, '2020-02-02 16:01:00', '0:0:0:0:0:0:0:1', NULL, NULL);
INSERT INTO `ums_admin_login_log` (`id`, `admin_id`, `create_time`, `ip`, `address`, `user_agent`) VALUES (82, 3, '2020-02-02 16:05:19', '0:0:0:0:0:0:0:1', NULL, NULL);
INSERT INTO `ums_admin_login_log` (`id`, `admin_id`, `create_time`, `ip`, `address`, `user_agent`) VALUES (83, 3, '2020-02-02 16:06:31', '0:0:0:0:0:0:0:1', NULL, NULL);
INSERT INTO `ums_admin_login_log` (`id`, `admin_id`, `create_time`, `ip`, `address`, `user_agent`) VALUES (84, 3, '2020-02-02 16:17:26', '0:0:0:0:0:0:0:1', NULL, NULL);
INSERT INTO `ums_admin_login_log` (`id`, `admin_id`, `create_time`, `ip`, `address`, `user_agent`) VALUES (85, 3, '2020-02-02 16:18:45', '0:0:0:0:0:0:0:1', NULL, NULL);
INSERT INTO `ums_admin_login_log` (`id`, `admin_id`, `create_time`, `ip`, `address`, `user_agent`) VALUES (86, 3, '2020-02-02 16:19:05', '0:0:0:0:0:0:0:1', NULL, NULL);
INSERT INTO `ums_admin_login_log` (`id`, `admin_id`, `create_time`, `ip`, `address`, `user_agent`) VALUES (87, 3, '2020-02-02 16:19:23', '0:0:0:0:0:0:0:1', NULL, NULL);
INSERT INTO `ums_admin_login_log` (`id`, `admin_id`, `create_time`, `ip`, `address`, `user_agent`) VALUES (88, 3, '2020-02-02 16:22:27', '0:0:0:0:0:0:0:1', NULL, NULL);
INSERT INTO `ums_admin_login_log` (`id`, `admin_id`, `create_time`, `ip`, `address`, `user_agent`) VALUES (89, 3, '2020-02-02 16:23:30', '0:0:0:0:0:0:0:1', NULL, NULL);
INSERT INTO `ums_admin_login_log` (`id`, `admin_id`, `create_time`, `ip`, `address`, `user_agent`) VALUES (90, 3, '2020-02-02 16:23:48', '0:0:0:0:0:0:0:1', NULL, NULL);
INSERT INTO `ums_admin_login_log` (`id`, `admin_id`, `create_time`, `ip`, `address`, `user_agent`) VALUES (91, 3, '2020-02-02 16:24:38', '0:0:0:0:0:0:0:1', NULL, NULL);
INSERT INTO `ums_admin_login_log` (`id`, `admin_id`, `create_time`, `ip`, `address`, `user_agent`) VALUES (92, 3, '2020-02-02 16:25:22', '0:0:0:0:0:0:0:1', NULL, NULL);
INSERT INTO `ums_admin_login_log` (`id`, `admin_id`, `create_time`, `ip`, `address`, `user_agent`) VALUES (93, 3, '2020-02-02 16:26:19', '0:0:0:0:0:0:0:1', NULL, NULL);
INSERT INTO `ums_admin_login_log` (`id`, `admin_id`, `create_time`, `ip`, `address`, `user_agent`) VALUES (94, 3, '2020-02-02 16:26:31', '0:0:0:0:0:0:0:1', NULL, NULL);
INSERT INTO `ums_admin_login_log` (`id`, `admin_id`, `create_time`, `ip`, `address`, `user_agent`) VALUES (95, 3, '2020-02-02 16:27:08', '0:0:0:0:0:0:0:1', NULL, NULL);
INSERT INTO `ums_admin_login_log` (`id`, `admin_id`, `create_time`, `ip`, `address`, `user_agent`) VALUES (96, 3, '2020-02-02 16:31:02', '0:0:0:0:0:0:0:1', NULL, NULL);
INSERT INTO `ums_admin_login_log` (`id`, `admin_id`, `create_time`, `ip`, `address`, `user_agent`) VALUES (97, 3, '2020-02-02 16:31:08', '0:0:0:0:0:0:0:1', NULL, NULL);
INSERT INTO `ums_admin_login_log` (`id`, `admin_id`, `create_time`, `ip`, `address`, `user_agent`) VALUES (98, 3, '2020-02-02 16:31:25', '0:0:0:0:0:0:0:1', NULL, NULL);
INSERT INTO `ums_admin_login_log` (`id`, `admin_id`, `create_time`, `ip`, `address`, `user_agent`) VALUES (99, 3, '2020-02-02 16:31:50', '0:0:0:0:0:0:0:1', NULL, NULL);
INSERT INTO `ums_admin_login_log` (`id`, `admin_id`, `create_time`, `ip`, `address`, `user_agent`) VALUES (100, 3, '2020-02-02 16:33:22', '0:0:0:0:0:0:0:1', NULL, NULL);
INSERT INTO `ums_admin_login_log` (`id`, `admin_id`, `create_time`, `ip`, `address`, `user_agent`) VALUES (101, 3, '2020-02-02 16:33:41', '0:0:0:0:0:0:0:1', NULL, NULL);
INSERT INTO `ums_admin_login_log` (`id`, `admin_id`, `create_time`, `ip`, `address`, `user_agent`) VALUES (102, 3, '2020-02-02 16:34:58', '0:0:0:0:0:0:0:1', NULL, NULL);
INSERT INTO `ums_admin_login_log` (`id`, `admin_id`, `create_time`, `ip`, `address`, `user_agent`) VALUES (103, 3, '2020-02-02 16:38:42', '0:0:0:0:0:0:0:1', NULL, NULL);
INSERT INTO `ums_admin_login_log` (`id`, `admin_id`, `create_time`, `ip`, `address`, `user_agent`) VALUES (104, 3, '2020-02-02 16:39:41', '0:0:0:0:0:0:0:1', NULL, NULL);
INSERT INTO `ums_admin_login_log` (`id`, `admin_id`, `create_time`, `ip`, `address`, `user_agent`) VALUES (105, 3, '2020-02-02 16:42:22', '0:0:0:0:0:0:0:1', NULL, NULL);
INSERT INTO `ums_admin_login_log` (`id`, `admin_id`, `create_time`, `ip`, `address`, `user_agent`) VALUES (106, 3, '2020-02-02 16:46:21', '0:0:0:0:0:0:0:1', NULL, NULL);
INSERT INTO `ums_admin_login_log` (`id`, `admin_id`, `create_time`, `ip`, `address`, `user_agent`) VALUES (107, 3, '2020-02-02 16:50:23', '0:0:0:0:0:0:0:1', NULL, NULL);
INSERT INTO `ums_admin_login_log` (`id`, `admin_id`, `create_time`, `ip`, `address`, `user_agent`) VALUES (108, 3, '2020-02-02 16:51:11', '0:0:0:0:0:0:0:1', NULL, NULL);
INSERT INTO `ums_admin_login_log` (`id`, `admin_id`, `create_time`, `ip`, `address`, `user_agent`) VALUES (109, 3, '2020-02-02 16:51:22', '0:0:0:0:0:0:0:1', NULL, NULL);
INSERT INTO `ums_admin_login_log` (`id`, `admin_id`, `create_time`, `ip`, `address`, `user_agent`) VALUES (110, 3, '2020-02-02 16:52:00', '0:0:0:0:0:0:0:1', NULL, NULL);
INSERT INTO `ums_admin_login_log` (`id`, `admin_id`, `create_time`, `ip`, `address`, `user_agent`) VALUES (111, 3, '2020-02-02 17:01:05', '0:0:0:0:0:0:0:1', NULL, NULL);
INSERT INTO `ums_admin_login_log` (`id`, `admin_id`, `create_time`, `ip`, `address`, `user_agent`) VALUES (112, 3, '2020-02-03 10:43:22', '0:0:0:0:0:0:0:1', NULL, NULL);
INSERT INTO `ums_admin_login_log` (`id`, `admin_id`, `create_time`, `ip`, `address`, `user_agent`) VALUES (113, 3, '2020-02-03 10:45:29', '0:0:0:0:0:0:0:1', NULL, NULL);
INSERT INTO `ums_admin_login_log` (`id`, `admin_id`, `create_time`, `ip`, `address`, `user_agent`) VALUES (114, 3, '2020-02-03 10:46:33', '0:0:0:0:0:0:0:1', NULL, NULL);
INSERT INTO `ums_admin_login_log` (`id`, `admin_id`, `create_time`, `ip`, `address`, `user_agent`) VALUES (115, 3, '2020-02-03 10:54:33', '0:0:0:0:0:0:0:1', NULL, NULL);
INSERT INTO `ums_admin_login_log` (`id`, `admin_id`, `create_time`, `ip`, `address`, `user_agent`) VALUES (116, 3, '2020-02-03 14:24:47', '0:0:0:0:0:0:0:1', NULL, NULL);
INSERT INTO `ums_admin_login_log` (`id`, `admin_id`, `create_time`, `ip`, `address`, `user_agent`) VALUES (117, 3, '2020-02-03 14:25:38', '0:0:0:0:0:0:0:1', NULL, NULL);
INSERT INTO `ums_admin_login_log` (`id`, `admin_id`, `create_time`, `ip`, `address`, `user_agent`) VALUES (118, 5, '2020-02-03 15:22:28', '0:0:0:0:0:0:0:1', NULL, NULL);
INSERT INTO `ums_admin_login_log` (`id`, `admin_id`, `create_time`, `ip`, `address`, `user_agent`) VALUES (119, 5, '2020-02-03 15:23:00', '0:0:0:0:0:0:0:1', NULL, NULL);
INSERT INTO `ums_admin_login_log` (`id`, `admin_id`, `create_time`, `ip`, `address`, `user_agent`) VALUES (120, 5, '2020-02-03 15:24:29', '0:0:0:0:0:0:0:1', NULL, NULL);
INSERT INTO `ums_admin_login_log` (`id`, `admin_id`, `create_time`, `ip`, `address`, `user_agent`) VALUES (121, 3, '2020-02-03 15:24:50', '0:0:0:0:0:0:0:1', NULL, NULL);
INSERT INTO `ums_admin_login_log` (`id`, `admin_id`, `create_time`, `ip`, `address`, `user_agent`) VALUES (122, 5, '2020-02-03 15:27:18', '0:0:0:0:0:0:0:1', NULL, NULL);
INSERT INTO `ums_admin_login_log` (`id`, `admin_id`, `create_time`, `ip`, `address`, `user_agent`) VALUES (123, 3, '2020-02-03 15:27:33', '0:0:0:0:0:0:0:1', NULL, NULL);
INSERT INTO `ums_admin_login_log` (`id`, `admin_id`, `create_time`, `ip`, `address`, `user_agent`) VALUES (124, 3, '2020-02-03 15:29:06', '0:0:0:0:0:0:0:1', NULL, NULL);
INSERT INTO `ums_admin_login_log` (`id`, `admin_id`, `create_time`, `ip`, `address`, `user_agent`) VALUES (125, 5, '2020-02-03 15:33:25', '0:0:0:0:0:0:0:1', NULL, NULL);
INSERT INTO `ums_admin_login_log` (`id`, `admin_id`, `create_time`, `ip`, `address`, `user_agent`) VALUES (126, 3, '2020-02-03 15:33:51', '0:0:0:0:0:0:0:1', NULL, NULL);
INSERT INTO `ums_admin_login_log` (`id`, `admin_id`, `create_time`, `ip`, `address`, `user_agent`) VALUES (127, 1, '2020-02-03 15:34:35', '0:0:0:0:0:0:0:1', NULL, NULL);
INSERT INTO `ums_admin_login_log` (`id`, `admin_id`, `create_time`, `ip`, `address`, `user_agent`) VALUES (128, 3, '2020-02-03 15:34:47', '0:0:0:0:0:0:0:1', NULL, NULL);
INSERT INTO `ums_admin_login_log` (`id`, `admin_id`, `create_time`, `ip`, `address`, `user_agent`) VALUES (129, 3, '2020-02-04 14:14:46', '0:0:0:0:0:0:0:1', NULL, NULL);
INSERT INTO `ums_admin_login_log` (`id`, `admin_id`, `create_time`, `ip`, `address`, `user_agent`) VALUES (130, 3, '2020-02-05 10:33:35', '0:0:0:0:0:0:0:1', NULL, NULL);
INSERT INTO `ums_admin_login_log` (`id`, `admin_id`, `create_time`, `ip`, `address`, `user_agent`) VALUES (131, 3, '2020-02-05 10:36:21', '0:0:0:0:0:0:0:1', NULL, NULL);
INSERT INTO `ums_admin_login_log` (`id`, `admin_id`, `create_time`, `ip`, `address`, `user_agent`) VALUES (132, 3, '2020-02-05 16:34:37', '0:0:0:0:0:0:0:1', NULL, NULL);
INSERT INTO `ums_admin_login_log` (`id`, `admin_id`, `create_time`, `ip`, `address`, `user_agent`) VALUES (133, 4, '2020-02-05 16:58:37', '0:0:0:0:0:0:0:1', NULL, NULL);
INSERT INTO `ums_admin_login_log` (`id`, `admin_id`, `create_time`, `ip`, `address`, `user_agent`) VALUES (134, 3, '2020-02-05 16:59:03', '0:0:0:0:0:0:0:1', NULL, NULL);
INSERT INTO `ums_admin_login_log` (`id`, `admin_id`, `create_time`, `ip`, `address`, `user_agent`) VALUES (135, 3, '2020-02-06 10:25:02', '0:0:0:0:0:0:0:1', NULL, NULL);
INSERT INTO `ums_admin_login_log` (`id`, `admin_id`, `create_time`, `ip`, `address`, `user_agent`) VALUES (136, 3, '2020-02-07 14:34:34', '0:0:0:0:0:0:0:1', NULL, NULL);
INSERT INTO `ums_admin_login_log` (`id`, `admin_id`, `create_time`, `ip`, `address`, `user_agent`) VALUES (137, 3, '2020-02-07 14:36:20', '0:0:0:0:0:0:0:1', NULL, NULL);
INSERT INTO `ums_admin_login_log` (`id`, `admin_id`, `create_time`, `ip`, `address`, `user_agent`) VALUES (138, 1, '2020-02-07 14:43:34', '0:0:0:0:0:0:0:1', NULL, NULL);
INSERT INTO `ums_admin_login_log` (`id`, `admin_id`, `create_time`, `ip`, `address`, `user_agent`) VALUES (139, 3, '2020-02-07 15:18:06', '0:0:0:0:0:0:0:1', NULL, NULL);
INSERT INTO `ums_admin_login_log` (`id`, `admin_id`, `create_time`, `ip`, `address`, `user_agent`) VALUES (140, 3, '2020-02-07 15:20:07', '0:0:0:0:0:0:0:1', NULL, NULL);
INSERT INTO `ums_admin_login_log` (`id`, `admin_id`, `create_time`, `ip`, `address`, `user_agent`) VALUES (141, 3, '2020-02-07 15:22:20', '0:0:0:0:0:0:0:1', NULL, NULL);
INSERT INTO `ums_admin_login_log` (`id`, `admin_id`, `create_time`, `ip`, `address`, `user_agent`) VALUES (142, 3, '2020-02-07 15:22:28', '0:0:0:0:0:0:0:1', NULL, NULL);
INSERT INTO `ums_admin_login_log` (`id`, `admin_id`, `create_time`, `ip`, `address`, `user_agent`) VALUES (143, 3, '2020-02-07 15:55:11', '0:0:0:0:0:0:0:1', NULL, NULL);
INSERT INTO `ums_admin_login_log` (`id`, `admin_id`, `create_time`, `ip`, `address`, `user_agent`) VALUES (144, 3, '2020-02-07 15:56:04', '0:0:0:0:0:0:0:1', NULL, NULL);
INSERT INTO `ums_admin_login_log` (`id`, `admin_id`, `create_time`, `ip`, `address`, `user_agent`) VALUES (145, 3, '2020-02-07 15:58:49', '0:0:0:0:0:0:0:1', NULL, NULL);
INSERT INTO `ums_admin_login_log` (`id`, `admin_id`, `create_time`, `ip`, `address`, `user_agent`) VALUES (146, 6, '2020-02-07 16:16:21', '0:0:0:0:0:0:0:1', NULL, NULL);
INSERT INTO `ums_admin_login_log` (`id`, `admin_id`, `create_time`, `ip`, `address`, `user_agent`) VALUES (147, 7, '2020-02-07 16:16:37', '0:0:0:0:0:0:0:1', NULL, NULL);
INSERT INTO `ums_admin_login_log` (`id`, `admin_id`, `create_time`, `ip`, `address`, `user_agent`) VALUES (148, 3, '2020-02-07 16:18:39', '0:0:0:0:0:0:0:1', NULL, NULL);
INSERT INTO `ums_admin_login_log` (`id`, `admin_id`, `create_time`, `ip`, `address`, `user_agent`) VALUES (149, 7, '2020-02-07 16:20:06', '0:0:0:0:0:0:0:1', NULL, NULL);
INSERT INTO `ums_admin_login_log` (`id`, `admin_id`, `create_time`, `ip`, `address`, `user_agent`) VALUES (150, 3, '2020-02-07 16:20:44', '0:0:0:0:0:0:0:1', NULL, NULL);
INSERT INTO `ums_admin_login_log` (`id`, `admin_id`, `create_time`, `ip`, `address`, `user_agent`) VALUES (151, 3, '2020-02-07 16:32:31', '0:0:0:0:0:0:0:1', NULL, NULL);
INSERT INTO `ums_admin_login_log` (`id`, `admin_id`, `create_time`, `ip`, `address`, `user_agent`) VALUES (152, 3, '2020-02-07 19:32:34', '0:0:0:0:0:0:0:1', NULL, NULL);
INSERT INTO `ums_admin_login_log` (`id`, `admin_id`, `create_time`, `ip`, `address`, `user_agent`) VALUES (153, 3, '2020-02-07 19:32:48', '0:0:0:0:0:0:0:1', NULL, NULL);
INSERT INTO `ums_admin_login_log` (`id`, `admin_id`, `create_time`, `ip`, `address`, `user_agent`) VALUES (154, 3, '2020-02-07 19:33:01', '0:0:0:0:0:0:0:1', NULL, NULL);
INSERT INTO `ums_admin_login_log` (`id`, `admin_id`, `create_time`, `ip`, `address`, `user_agent`) VALUES (155, 3, '2020-02-07 19:33:06', '0:0:0:0:0:0:0:1', NULL, NULL);
INSERT INTO `ums_admin_login_log` (`id`, `admin_id`, `create_time`, `ip`, `address`, `user_agent`) VALUES (156, 3, '2020-02-07 19:33:21', '0:0:0:0:0:0:0:1', NULL, NULL);
INSERT INTO `ums_admin_login_log` (`id`, `admin_id`, `create_time`, `ip`, `address`, `user_agent`) VALUES (157, 3, '2020-02-07 19:35:33', '0:0:0:0:0:0:0:1', NULL, NULL);
INSERT INTO `ums_admin_login_log` (`id`, `admin_id`, `create_time`, `ip`, `address`, `user_agent`) VALUES (158, 3, '2020-02-07 19:37:10', '0:0:0:0:0:0:0:1', NULL, NULL);
INSERT INTO `ums_admin_login_log` (`id`, `admin_id`, `create_time`, `ip`, `address`, `user_agent`) VALUES (159, 3, '2020-02-07 19:37:14', '0:0:0:0:0:0:0:1', NULL, NULL);
INSERT INTO `ums_admin_login_log` (`id`, `admin_id`, `create_time`, `ip`, `address`, `user_agent`) VALUES (160, 3, '2020-02-07 19:37:25', '0:0:0:0:0:0:0:1', NULL, NULL);
INSERT INTO `ums_admin_login_log` (`id`, `admin_id`, `create_time`, `ip`, `address`, `user_agent`) VALUES (161, 3, '2020-02-07 19:45:41', '0:0:0:0:0:0:0:1', NULL, NULL);
INSERT INTO `ums_admin_login_log` (`id`, `admin_id`, `create_time`, `ip`, `address`, `user_agent`) VALUES (162, 3, '2020-02-07 19:47:45', '0:0:0:0:0:0:0:1', NULL, NULL);
INSERT INTO `ums_admin_login_log` (`id`, `admin_id`, `create_time`, `ip`, `address`, `user_agent`) VALUES (163, 3, '2020-02-07 20:02:25', '0:0:0:0:0:0:0:1', NULL, NULL);
INSERT INTO `ums_admin_login_log` (`id`, `admin_id`, `create_time`, `ip`, `address`, `user_agent`) VALUES (164, 6, '2020-02-07 20:10:55', '0:0:0:0:0:0:0:1', NULL, NULL);
INSERT INTO `ums_admin_login_log` (`id`, `admin_id`, `create_time`, `ip`, `address`, `user_agent`) VALUES (165, 6, '2020-02-07 20:11:02', '0:0:0:0:0:0:0:1', NULL, NULL);
INSERT INTO `ums_admin_login_log` (`id`, `admin_id`, `create_time`, `ip`, `address`, `user_agent`) VALUES (166, 6, '2020-02-07 20:13:44', '0:0:0:0:0:0:0:1', NULL, NULL);
INSERT INTO `ums_admin_login_log` (`id`, `admin_id`, `create_time`, `ip`, `address`, `user_agent`) VALUES (167, 6, '2020-02-07 20:17:14', '0:0:0:0:0:0:0:1', NULL, NULL);
INSERT INTO `ums_admin_login_log` (`id`, `admin_id`, `create_time`, `ip`, `address`, `user_agent`) VALUES (168, 3, '2020-02-07 20:17:44', '0:0:0:0:0:0:0:1', NULL, NULL);
INSERT INTO `ums_admin_login_log` (`id`, `admin_id`, `create_time`, `ip`, `address`, `user_agent`) VALUES (169, 6, '2020-02-07 20:18:13', '0:0:0:0:0:0:0:1', NULL, NULL);
INSERT INTO `ums_admin_login_log` (`id`, `admin_id`, `create_time`, `ip`, `address`, `user_agent`) VALUES (170, 3, '2020-02-10 10:28:14', '0:0:0:0:0:0:0:1', NULL, NULL);
INSERT INTO `ums_admin_login_log` (`id`, `admin_id`, `create_time`, `ip`, `address`, `user_agent`) VALUES (171, 3, '2020-02-10 10:45:15', '0:0:0:0:0:0:0:1', NULL, NULL);
INSERT INTO `ums_admin_login_log` (`id`, `admin_id`, `create_time`, `ip`, `address`, `user_agent`) VALUES (172, 3, '2020-02-10 10:57:46', '0:0:0:0:0:0:0:1', NULL, NULL);
INSERT INTO `ums_admin_login_log` (`id`, `admin_id`, `create_time`, `ip`, `address`, `user_agent`) VALUES (173, 3, '2020-02-10 10:59:06', '0:0:0:0:0:0:0:1', NULL, NULL);
INSERT INTO `ums_admin_login_log` (`id`, `admin_id`, `create_time`, `ip`, `address`, `user_agent`) VALUES (174, 3, '2020-02-10 11:04:19', '0:0:0:0:0:0:0:1', NULL, NULL);
INSERT INTO `ums_admin_login_log` (`id`, `admin_id`, `create_time`, `ip`, `address`, `user_agent`) VALUES (175, 3, '2020-02-10 11:05:55', '0:0:0:0:0:0:0:1', NULL, NULL);
INSERT INTO `ums_admin_login_log` (`id`, `admin_id`, `create_time`, `ip`, `address`, `user_agent`) VALUES (176, 3, '2020-02-10 11:06:45', '0:0:0:0:0:0:0:1', NULL, NULL);
INSERT INTO `ums_admin_login_log` (`id`, `admin_id`, `create_time`, `ip`, `address`, `user_agent`) VALUES (177, 3, '2020-02-10 11:07:41', '0:0:0:0:0:0:0:1', NULL, NULL);
INSERT INTO `ums_admin_login_log` (`id`, `admin_id`, `create_time`, `ip`, `address`, `user_agent`) VALUES (178, 3, '2020-02-10 11:08:13', '0:0:0:0:0:0:0:1', NULL, NULL);
INSERT INTO `ums_admin_login_log` (`id`, `admin_id`, `create_time`, `ip`, `address`, `user_agent`) VALUES (179, 3, '2020-02-10 11:10:02', '0:0:0:0:0:0:0:1', NULL, NULL);
INSERT INTO `ums_admin_login_log` (`id`, `admin_id`, `create_time`, `ip`, `address`, `user_agent`) VALUES (180, 6, '2020-02-10 14:25:17', '0:0:0:0:0:0:0:1', NULL, NULL);
INSERT INTO `ums_admin_login_log` (`id`, `admin_id`, `create_time`, `ip`, `address`, `user_agent`) VALUES (181, 6, '2020-02-10 14:29:14', '0:0:0:0:0:0:0:1', NULL, NULL);
INSERT INTO `ums_admin_login_log` (`id`, `admin_id`, `create_time`, `ip`, `address`, `user_agent`) VALUES (182, 3, '2020-02-10 16:09:16', '0:0:0:0:0:0:0:1', NULL, NULL);
INSERT INTO `ums_admin_login_log` (`id`, `admin_id`, `create_time`, `ip`, `address`, `user_agent`) VALUES (183, 3, '2020-02-20 14:39:19', '0:0:0:0:0:0:0:1', NULL, NULL);
INSERT INTO `ums_admin_login_log` (`id`, `admin_id`, `create_time`, `ip`, `address`, `user_agent`) VALUES (184, 8, '2020-02-20 17:14:58', '0:0:0:0:0:0:0:1', NULL, NULL);
INSERT INTO `ums_admin_login_log` (`id`, `admin_id`, `create_time`, `ip`, `address`, `user_agent`) VALUES (185, 8, '2020-02-20 17:17:04', '0:0:0:0:0:0:0:1', NULL, NULL);
INSERT INTO `ums_admin_login_log` (`id`, `admin_id`, `create_time`, `ip`, `address`, `user_agent`) VALUES (186, 8, '2020-02-20 17:17:42', '0:0:0:0:0:0:0:1', NULL, NULL);
INSERT INTO `ums_admin_login_log` (`id`, `admin_id`, `create_time`, `ip`, `address`, `user_agent`) VALUES (187, 8, '2020-02-21 10:26:56', '0:0:0:0:0:0:0:1', NULL, NULL);
INSERT INTO `ums_admin_login_log` (`id`, `admin_id`, `create_time`, `ip`, `address`, `user_agent`) VALUES (188, 8, '2020-02-21 10:28:54', '0:0:0:0:0:0:0:1', NULL, NULL);
INSERT INTO `ums_admin_login_log` (`id`, `admin_id`, `create_time`, `ip`, `address`, `user_agent`) VALUES (189, 8, '2020-02-21 10:32:25', '0:0:0:0:0:0:0:1', NULL, NULL);
INSERT INTO `ums_admin_login_log` (`id`, `admin_id`, `create_time`, `ip`, `address`, `user_agent`) VALUES (190, 8, '2020-02-21 10:33:41', '0:0:0:0:0:0:0:1', NULL, NULL);
INSERT INTO `ums_admin_login_log` (`id`, `admin_id`, `create_time`, `ip`, `address`, `user_agent`) VALUES (191, 8, '2020-02-21 10:35:58', '0:0:0:0:0:0:0:1', NULL, NULL);
INSERT INTO `ums_admin_login_log` (`id`, `admin_id`, `create_time`, `ip`, `address`, `user_agent`) VALUES (192, 8, '2020-02-21 10:36:49', '0:0:0:0:0:0:0:1', NULL, NULL);
INSERT INTO `ums_admin_login_log` (`id`, `admin_id`, `create_time`, `ip`, `address`, `user_agent`) VALUES (193, 3, '2020-02-21 11:10:11', '0:0:0:0:0:0:0:1', NULL, NULL);
INSERT INTO `ums_admin_login_log` (`id`, `admin_id`, `create_time`, `ip`, `address`, `user_agent`) VALUES (194, 3, '2020-02-25 16:11:13', '0:0:0:0:0:0:0:1', NULL, NULL);
INSERT INTO `ums_admin_login_log` (`id`, `admin_id`, `create_time`, `ip`, `address`, `user_agent`) VALUES (195, 3, '2020-02-25 16:46:29', '0:0:0:0:0:0:0:1', NULL, NULL);
INSERT INTO `ums_admin_login_log` (`id`, `admin_id`, `create_time`, `ip`, `address`, `user_agent`) VALUES (196, 3, '2020-03-07 16:33:59', '192.168.3.185', NULL, NULL);
INSERT INTO `ums_admin_login_log` (`id`, `admin_id`, `create_time`, `ip`, `address`, `user_agent`) VALUES (197, 6, '2020-03-07 16:35:38', '192.168.3.185', NULL, NULL);
INSERT INTO `ums_admin_login_log` (`id`, `admin_id`, `create_time`, `ip`, `address`, `user_agent`) VALUES (198, 3, '2020-03-07 17:00:09', '192.168.3.185', NULL, NULL);
INSERT INTO `ums_admin_login_log` (`id`, `admin_id`, `create_time`, `ip`, `address`, `user_agent`) VALUES (199, 3, '2020-03-14 14:32:08', '0:0:0:0:0:0:0:1', NULL, NULL);
INSERT INTO `ums_admin_login_log` (`id`, `admin_id`, `create_time`, `ip`, `address`, `user_agent`) VALUES (200, 8, '2020-03-14 14:32:59', '0:0:0:0:0:0:0:1', NULL, NULL);
INSERT INTO `ums_admin_login_log` (`id`, `admin_id`, `create_time`, `ip`, `address`, `user_agent`) VALUES (201, 3, '2020-03-14 14:33:26', '0:0:0:0:0:0:0:1', NULL, NULL);
INSERT INTO `ums_admin_login_log` (`id`, `admin_id`, `create_time`, `ip`, `address`, `user_agent`) VALUES (202, 8, '2020-03-14 14:34:57', '0:0:0:0:0:0:0:1', NULL, NULL);
INSERT INTO `ums_admin_login_log` (`id`, `admin_id`, `create_time`, `ip`, `address`, `user_agent`) VALUES (203, 3, '2020-03-14 14:35:23', '0:0:0:0:0:0:0:1', NULL, NULL);
INSERT INTO `ums_admin_login_log` (`id`, `admin_id`, `create_time`, `ip`, `address`, `user_agent`) VALUES (204, 8, '2020-03-14 14:36:31', '0:0:0:0:0:0:0:1', NULL, NULL);
INSERT INTO `ums_admin_login_log` (`id`, `admin_id`, `create_time`, `ip`, `address`, `user_agent`) VALUES (205, 3, '2020-03-14 14:36:51', '0:0:0:0:0:0:0:1', NULL, NULL);
INSERT INTO `ums_admin_login_log` (`id`, `admin_id`, `create_time`, `ip`, `address`, `user_agent`) VALUES (206, 8, '2020-03-14 14:37:31', '0:0:0:0:0:0:0:1', NULL, NULL);
INSERT INTO `ums_admin_login_log` (`id`, `admin_id`, `create_time`, `ip`, `address`, `user_agent`) VALUES (207, 3, '2020-03-14 14:37:44', '0:0:0:0:0:0:0:1', NULL, NULL);
INSERT INTO `ums_admin_login_log` (`id`, `admin_id`, `create_time`, `ip`, `address`, `user_agent`) VALUES (208, 8, '2020-03-14 14:38:30', '0:0:0:0:0:0:0:1', NULL, NULL);
INSERT INTO `ums_admin_login_log` (`id`, `admin_id`, `create_time`, `ip`, `address`, `user_agent`) VALUES (209, 3, '2020-03-14 14:38:50', '0:0:0:0:0:0:0:1', NULL, NULL);
INSERT INTO `ums_admin_login_log` (`id`, `admin_id`, `create_time`, `ip`, `address`, `user_agent`) VALUES (210, 8, '2020-03-14 14:39:26', '0:0:0:0:0:0:0:1', NULL, NULL);
INSERT INTO `ums_admin_login_log` (`id`, `admin_id`, `create_time`, `ip`, `address`, `user_agent`) VALUES (211, 3, '2020-03-14 14:39:41', '0:0:0:0:0:0:0:1', NULL, NULL);
INSERT INTO `ums_admin_login_log` (`id`, `admin_id`, `create_time`, `ip`, `address`, `user_agent`) VALUES (212, 3, '2020-03-15 14:23:54', '0:0:0:0:0:0:0:1', NULL, NULL);
INSERT INTO `ums_admin_login_log` (`id`, `admin_id`, `create_time`, `ip`, `address`, `user_agent`) VALUES (213, 3, '2020-03-22 14:33:17', '0:0:0:0:0:0:0:1', NULL, NULL);
INSERT INTO `ums_admin_login_log` (`id`, `admin_id`, `create_time`, `ip`, `address`, `user_agent`) VALUES (214, 3, '2020-03-22 14:59:51', '0:0:0:0:0:0:0:1', NULL, NULL);
INSERT INTO `ums_admin_login_log` (`id`, `admin_id`, `create_time`, `ip`, `address`, `user_agent`) VALUES (215, 3, '2020-03-22 15:04:32', '0:0:0:0:0:0:0:1', NULL, NULL);
INSERT INTO `ums_admin_login_log` (`id`, `admin_id`, `create_time`, `ip`, `address`, `user_agent`) VALUES (216, 3, '2020-03-29 16:14:37', '0:0:0:0:0:0:0:1', NULL, NULL);
INSERT INTO `ums_admin_login_log` (`id`, `admin_id`, `create_time`, `ip`, `address`, `user_agent`) VALUES (217, 3, '2020-03-29 17:17:00', '0:0:0:0:0:0:0:1', NULL, NULL);
INSERT INTO `ums_admin_login_log` (`id`, `admin_id`, `create_time`, `ip`, `address`, `user_agent`) VALUES (218, 3, '2020-04-06 16:54:49', '0:0:0:0:0:0:0:1', NULL, NULL);
INSERT INTO `ums_admin_login_log` (`id`, `admin_id`, `create_time`, `ip`, `address`, `user_agent`) VALUES (219, 3, '2020-04-12 15:01:40', '0:0:0:0:0:0:0:1', NULL, NULL);
INSERT INTO `ums_admin_login_log` (`id`, `admin_id`, `create_time`, `ip`, `address`, `user_agent`) VALUES (220, 3, '2020-04-19 09:50:59', '0:0:0:0:0:0:0:1', NULL, NULL);
INSERT INTO `ums_admin_login_log` (`id`, `admin_id`, `create_time`, `ip`, `address`, `user_agent`) VALUES (221, 3, '2020-05-04 10:45:45', '0:0:0:0:0:0:0:1', NULL, NULL);
INSERT INTO `ums_admin_login_log` (`id`, `admin_id`, `create_time`, `ip`, `address`, `user_agent`) VALUES (222, 3, '2020-05-05 11:02:44', '0:0:0:0:0:0:0:1', NULL, NULL);
INSERT INTO `ums_admin_login_log` (`id`, `admin_id`, `create_time`, `ip`, `address`, `user_agent`) VALUES (223, 3, '2020-05-16 15:17:21', '0:0:0:0:0:0:0:1', NULL, NULL);
INSERT INTO `ums_admin_login_log` (`id`, `admin_id`, `create_time`, `ip`, `address`, `user_agent`) VALUES (224, 3, '2020-05-17 14:58:35', '0:0:0:0:0:0:0:1', NULL, NULL);
INSERT INTO `ums_admin_login_log` (`id`, `admin_id`, `create_time`, `ip`, `address`, `user_agent`) VALUES (225, 3, '2020-05-18 15:47:46', '0:0:0:0:0:0:0:1', NULL, NULL);
INSERT INTO `ums_admin_login_log` (`id`, `admin_id`, `create_time`, `ip`, `address`, `user_agent`) VALUES (226, 3, '2020-05-23 16:51:15', '0:0:0:0:0:0:0:1', NULL, NULL);
INSERT INTO `ums_admin_login_log` (`id`, `admin_id`, `create_time`, `ip`, `address`, `user_agent`) VALUES (227, 3, '2020-05-23 16:54:53', '0:0:0:0:0:0:0:1', NULL, NULL);
INSERT INTO `ums_admin_login_log` (`id`, `admin_id`, `create_time`, `ip`, `address`, `user_agent`) VALUES (228, 3, '2020-05-23 17:00:33', '0:0:0:0:0:0:0:1', NULL, NULL);
INSERT INTO `ums_admin_login_log` (`id`, `admin_id`, `create_time`, `ip`, `address`, `user_agent`) VALUES (229, 3, '2020-05-24 10:38:00', '0:0:0:0:0:0:0:1', NULL, NULL);
INSERT INTO `ums_admin_login_log` (`id`, `admin_id`, `create_time`, `ip`, `address`, `user_agent`) VALUES (230, 3, '2020-06-07 09:39:31', '0:0:0:0:0:0:0:1', NULL, NULL);
INSERT INTO `ums_admin_login_log` (`id`, `admin_id`, `create_time`, `ip`, `address`, `user_agent`) VALUES (231, 3, '2020-06-14 14:23:30', '0:0:0:0:0:0:0:1', NULL, NULL);
INSERT INTO `ums_admin_login_log` (`id`, `admin_id`, `create_time`, `ip`, `address`, `user_agent`) VALUES (232, 3, '2020-06-14 17:11:59', '0:0:0:0:0:0:0:1', NULL, NULL);
INSERT INTO `ums_admin_login_log` (`id`, `admin_id`, `create_time`, `ip`, `address`, `user_agent`) VALUES (233, 3, '2020-06-20 14:53:51', '0:0:0:0:0:0:0:1', NULL, NULL);
INSERT INTO `ums_admin_login_log` (`id`, `admin_id`, `create_time`, `ip`, `address`, `user_agent`) VALUES (234, 3, '2020-06-21 14:57:36', '0:0:0:0:0:0:0:1', NULL, NULL);
INSERT INTO `ums_admin_login_log` (`id`, `admin_id`, `create_time`, `ip`, `address`, `user_agent`) VALUES (235, 3, '2020-06-27 10:41:31', '0:0:0:0:0:0:0:1', NULL, NULL);
INSERT INTO `ums_admin_login_log` (`id`, `admin_id`, `create_time`, `ip`, `address`, `user_agent`) VALUES (236, 3, '2020-07-05 15:54:21', '0:0:0:0:0:0:0:1', NULL, NULL);
INSERT INTO `ums_admin_login_log` (`id`, `admin_id`, `create_time`, `ip`, `address`, `user_agent`) VALUES (237, 3, '2020-07-11 10:40:28', '0:0:0:0:0:0:0:1', NULL, NULL);
INSERT INTO `ums_admin_login_log` (`id`, `admin_id`, `create_time`, `ip`, `address`, `user_agent`) VALUES (238, 3, '2020-07-11 10:45:01', '0:0:0:0:0:0:0:1', NULL, NULL);
INSERT INTO `ums_admin_login_log` (`id`, `admin_id`, `create_time`, `ip`, `address`, `user_agent`) VALUES (239, 3, '2020-07-19 11:00:16', '192.168.3.185', NULL, NULL);
INSERT INTO `ums_admin_login_log` (`id`, `admin_id`, `create_time`, `ip`, `address`, `user_agent`) VALUES (240, 3, '2020-07-19 11:46:27', '192.168.3.185', NULL, NULL);
INSERT INTO `ums_admin_login_log` (`id`, `admin_id`, `create_time`, `ip`, `address`, `user_agent`) VALUES (241, 3, '2020-07-19 11:53:47', '192.168.3.185', NULL, NULL);
INSERT INTO `ums_admin_login_log` (`id`, `admin_id`, `create_time`, `ip`, `address`, `user_agent`) VALUES (242, 3, '2020-07-19 14:17:37', '192.168.3.185', NULL, NULL);
INSERT INTO `ums_admin_login_log` (`id`, `admin_id`, `create_time`, `ip`, `address`, `user_agent`) VALUES (243, 3, '2020-07-19 14:44:24', '192.168.3.185', NULL, NULL);
INSERT INTO `ums_admin_login_log` (`id`, `admin_id`, `create_time`, `ip`, `address`, `user_agent`) VALUES (244, 3, '2020-07-19 14:44:58', '192.168.3.185', NULL, NULL);
INSERT INTO `ums_admin_login_log` (`id`, `admin_id`, `create_time`, `ip`, `address`, `user_agent`) VALUES (245, 3, '2020-07-19 14:48:27', '192.168.3.185', NULL, NULL);
INSERT INTO `ums_admin_login_log` (`id`, `admin_id`, `create_time`, `ip`, `address`, `user_agent`) VALUES (246, 3, '2020-07-19 14:48:57', '192.168.3.185', NULL, NULL);
INSERT INTO `ums_admin_login_log` (`id`, `admin_id`, `create_time`, `ip`, `address`, `user_agent`) VALUES (247, 3, '2020-07-19 14:49:30', '192.168.3.185', NULL, NULL);
INSERT INTO `ums_admin_login_log` (`id`, `admin_id`, `create_time`, `ip`, `address`, `user_agent`) VALUES (248, 3, '2020-07-19 14:50:18', '192.168.3.185', NULL, NULL);
INSERT INTO `ums_admin_login_log` (`id`, `admin_id`, `create_time`, `ip`, `address`, `user_agent`) VALUES (249, 3, '2020-07-19 14:51:51', '192.168.3.185', NULL, NULL);
INSERT INTO `ums_admin_login_log` (`id`, `admin_id`, `create_time`, `ip`, `address`, `user_agent`) VALUES (250, 3, '2020-07-19 14:55:27', '192.168.3.185', NULL, NULL);
INSERT INTO `ums_admin_login_log` (`id`, `admin_id`, `create_time`, `ip`, `address`, `user_agent`) VALUES (251, 3, '2020-07-19 14:58:14', '192.168.3.185', NULL, NULL);
INSERT INTO `ums_admin_login_log` (`id`, `admin_id`, `create_time`, `ip`, `address`, `user_agent`) VALUES (252, 6, '2020-07-19 15:04:21', '192.168.3.185', NULL, NULL);
INSERT INTO `ums_admin_login_log` (`id`, `admin_id`, `create_time`, `ip`, `address`, `user_agent`) VALUES (253, 3, '2020-07-19 15:38:49', '192.168.3.185', NULL, NULL);
INSERT INTO `ums_admin_login_log` (`id`, `admin_id`, `create_time`, `ip`, `address`, `user_agent`) VALUES (254, 6, '2020-07-19 16:26:24', '0:0:0:0:0:0:0:1', NULL, NULL);
INSERT INTO `ums_admin_login_log` (`id`, `admin_id`, `create_time`, `ip`, `address`, `user_agent`) VALUES (255, 3, '2020-08-08 10:39:12', '0:0:0:0:0:0:0:1', NULL, NULL);
INSERT INTO `ums_admin_login_log` (`id`, `admin_id`, `create_time`, `ip`, `address`, `user_agent`) VALUES (256, 3, '2020-08-09 11:06:31', '0:0:0:0:0:0:0:1', NULL, NULL);
INSERT INTO `ums_admin_login_log` (`id`, `admin_id`, `create_time`, `ip`, `address`, `user_agent`) VALUES (257, 3, '2020-08-10 20:41:30', '0:0:0:0:0:0:0:1', NULL, NULL);
INSERT INTO `ums_admin_login_log` (`id`, `admin_id`, `create_time`, `ip`, `address`, `user_agent`) VALUES (258, 3, '2020-08-15 10:12:25', '0:0:0:0:0:0:0:1', NULL, NULL);
INSERT INTO `ums_admin_login_log` (`id`, `admin_id`, `create_time`, `ip`, `address`, `user_agent`) VALUES (259, 1, '2020-08-19 21:23:59', '0:0:0:0:0:0:0:1', NULL, NULL);
INSERT INTO `ums_admin_login_log` (`id`, `admin_id`, `create_time`, `ip`, `address`, `user_agent`) VALUES (260, 1, '2020-08-19 21:25:06', '0:0:0:0:0:0:0:1', NULL, NULL);
INSERT INTO `ums_admin_login_log` (`id`, `admin_id`, `create_time`, `ip`, `address`, `user_agent`) VALUES (261, 3, '2020-09-05 16:14:50', '192.168.3.185', NULL, NULL);
INSERT INTO `ums_admin_login_log` (`id`, `admin_id`, `create_time`, `ip`, `address`, `user_agent`) VALUES (262, 3, '2020-09-05 16:15:37', '192.168.3.185', NULL, NULL);
INSERT INTO `ums_admin_login_log` (`id`, `admin_id`, `create_time`, `ip`, `address`, `user_agent`) VALUES (263, 3, '2020-09-12 16:07:35', '0:0:0:0:0:0:0:1', NULL, NULL);
INSERT INTO `ums_admin_login_log` (`id`, `admin_id`, `create_time`, `ip`, `address`, `user_agent`) VALUES (264, 6, '2020-09-12 16:08:14', '0:0:0:0:0:0:0:1', NULL, NULL);
INSERT INTO `ums_admin_login_log` (`id`, `admin_id`, `create_time`, `ip`, `address`, `user_agent`) VALUES (265, 1, '2020-09-12 16:08:26', '0:0:0:0:0:0:0:1', NULL, NULL);
INSERT INTO `ums_admin_login_log` (`id`, `admin_id`, `create_time`, `ip`, `address`, `user_agent`) VALUES (266, 6, '2020-09-12 16:09:08', '0:0:0:0:0:0:0:1', NULL, NULL);
INSERT INTO `ums_admin_login_log` (`id`, `admin_id`, `create_time`, `ip`, `address`, `user_agent`) VALUES (267, 1, '2020-09-12 16:09:17', '0:0:0:0:0:0:0:1', NULL, NULL);
INSERT INTO `ums_admin_login_log` (`id`, `admin_id`, `create_time`, `ip`, `address`, `user_agent`) VALUES (268, 3, '2020-09-13 14:22:25', '0:0:0:0:0:0:0:1', NULL, NULL);
INSERT INTO `ums_admin_login_log` (`id`, `admin_id`, `create_time`, `ip`, `address`, `user_agent`) VALUES (269, 3, '2020-09-13 14:23:07', '0:0:0:0:0:0:0:1', NULL, NULL);
INSERT INTO `ums_admin_login_log` (`id`, `admin_id`, `create_time`, `ip`, `address`, `user_agent`) VALUES (270, 3, '2020-09-13 14:24:21', '0:0:0:0:0:0:0:1', NULL, NULL);
INSERT INTO `ums_admin_login_log` (`id`, `admin_id`, `create_time`, `ip`, `address`, `user_agent`) VALUES (271, 3, '2020-09-13 14:32:32', '0:0:0:0:0:0:0:1', NULL, NULL);
INSERT INTO `ums_admin_login_log` (`id`, `admin_id`, `create_time`, `ip`, `address`, `user_agent`) VALUES (272, 1, '2020-09-19 15:43:31', '192.168.3.185', NULL, NULL);
INSERT INTO `ums_admin_login_log` (`id`, `admin_id`, `create_time`, `ip`, `address`, `user_agent`) VALUES (273, 3, '2020-09-19 15:43:58', '192.168.3.185', NULL, NULL);
INSERT INTO `ums_admin_login_log` (`id`, `admin_id`, `create_time`, `ip`, `address`, `user_agent`) VALUES (274, 3, '2020-09-19 15:49:44', '192.168.3.185', NULL, NULL);
INSERT INTO `ums_admin_login_log` (`id`, `admin_id`, `create_time`, `ip`, `address`, `user_agent`) VALUES (275, 6, '2020-09-19 15:50:12', '192.168.3.185', NULL, NULL);
INSERT INTO `ums_admin_login_log` (`id`, `admin_id`, `create_time`, `ip`, `address`, `user_agent`) VALUES (276, 6, '2020-09-19 15:50:18', '192.168.3.185', NULL, NULL);
INSERT INTO `ums_admin_login_log` (`id`, `admin_id`, `create_time`, `ip`, `address`, `user_agent`) VALUES (277, 1, '2020-09-19 15:50:41', '192.168.3.185', NULL, NULL);
INSERT INTO `ums_admin_login_log` (`id`, `admin_id`, `create_time`, `ip`, `address`, `user_agent`) VALUES (278, 6, '2020-09-19 15:52:28', '192.168.3.185', NULL, NULL);
INSERT INTO `ums_admin_login_log` (`id`, `admin_id`, `create_time`, `ip`, `address`, `user_agent`) VALUES (279, 1, '2020-09-19 15:53:01', '192.168.3.185', NULL, NULL);
INSERT INTO `ums_admin_login_log` (`id`, `admin_id`, `create_time`, `ip`, `address`, `user_agent`) VALUES (280, 1, '2020-09-19 15:53:48', '192.168.3.185', NULL, NULL);
INSERT INTO `ums_admin_login_log` (`id`, `admin_id`, `create_time`, `ip`, `address`, `user_agent`) VALUES (281, 6, '2020-09-19 15:54:37', '192.168.3.185', NULL, NULL);
INSERT INTO `ums_admin_login_log` (`id`, `admin_id`, `create_time`, `ip`, `address`, `user_agent`) VALUES (282, 3, '2020-09-20 11:13:50', '192.168.3.185', NULL, NULL);
INSERT INTO `ums_admin_login_log` (`id`, `admin_id`, `create_time`, `ip`, `address`, `user_agent`) VALUES (283, 1, '2020-10-08 14:26:58', '0:0:0:0:0:0:0:1', NULL, NULL);
INSERT INTO `ums_admin_login_log` (`id`, `admin_id`, `create_time`, `ip`, `address`, `user_agent`) VALUES (284, 1, '2020-10-08 14:30:49', '192.168.3.185', NULL, NULL);
INSERT INTO `ums_admin_login_log` (`id`, `admin_id`, `create_time`, `ip`, `address`, `user_agent`) VALUES (285, 3, '2021-04-11 10:27:43', '192.168.3.227', NULL, NULL);
INSERT INTO `ums_admin_login_log` (`id`, `admin_id`, `create_time`, `ip`, `address`, `user_agent`) VALUES (286, 1, '2021-04-11 10:29:19', '192.168.3.227', NULL, NULL);
INSERT INTO `ums_admin_login_log` (`id`, `admin_id`, `create_time`, `ip`, `address`, `user_agent`) VALUES (287, 3, '2021-04-11 10:30:40', '192.168.3.227', NULL, NULL);
INSERT INTO `ums_admin_login_log` (`id`, `admin_id`, `create_time`, `ip`, `address`, `user_agent`) VALUES (288, 3, '2021-04-11 10:37:50', '192.168.3.227', NULL, NULL);
INSERT INTO `ums_admin_login_log` (`id`, `admin_id`, `create_time`, `ip`, `address`, `user_agent`) VALUES (289, 3, '2021-12-08 10:44:09', '192.168.3.4', NULL, NULL);
INSERT INTO `ums_admin_login_log` (`id`, `admin_id`, `create_time`, `ip`, `address`, `user_agent`) VALUES (290, 3, '2022-04-15 15:04:51', '192.168.56.1', NULL, NULL);
INSERT INTO `ums_admin_login_log` (`id`, `admin_id`, `create_time`, `ip`, `address`, `user_agent`) VALUES (291, 1, '2022-05-10 15:25:58', '192.168.56.1', NULL, NULL);
INSERT INTO `ums_admin_login_log` (`id`, `admin_id`, `create_time`, `ip`, `address`, `user_agent`) VALUES (292, 1, '2022-05-10 15:31:08', '192.168.56.1', NULL, NULL);
INSERT INTO `ums_admin_login_log` (`id`, `admin_id`, `create_time`, `ip`, `address`, `user_agent`) VALUES (293, 1, '2022-05-10 15:32:18', '192.168.56.1', NULL, NULL);
INSERT INTO `ums_admin_login_log` (`id`, `admin_id`, `create_time`, `ip`, `address`, `user_agent`) VALUES (294, 1, '2022-05-10 15:34:17', '192.168.56.1', NULL, NULL);
INSERT INTO `ums_admin_login_log` (`id`, `admin_id`, `create_time`, `ip`, `address`, `user_agent`) VALUES (295, 1, '2022-05-10 15:34:38', '192.168.56.1', NULL, NULL);
INSERT INTO `ums_admin_login_log` (`id`, `admin_id`, `create_time`, `ip`, `address`, `user_agent`) VALUES (296, 1, '2022-05-10 15:54:50', '192.168.56.1', NULL, NULL);
INSERT INTO `ums_admin_login_log` (`id`, `admin_id`, `create_time`, `ip`, `address`, `user_agent`) VALUES (297, 1, '2022-05-10 16:31:20', '192.168.56.1', NULL, NULL);
INSERT INTO `ums_admin_login_log` (`id`, `admin_id`, `create_time`, `ip`, `address`, `user_agent`) VALUES (298, 1, '2022-05-10 16:33:45', '192.168.56.1', NULL, NULL);
INSERT INTO `ums_admin_login_log` (`id`, `admin_id`, `create_time`, `ip`, `address`, `user_agent`) VALUES (299, 1, '2022-05-10 16:39:07', '192.168.56.1', NULL, NULL);
INSERT INTO `ums_admin_login_log` (`id`, `admin_id`, `create_time`, `ip`, `address`, `user_agent`) VALUES (300, 1, '2022-05-18 14:53:41', '192.168.56.1', NULL, NULL);
INSERT INTO `ums_admin_login_log` (`id`, `admin_id`, `create_time`, `ip`, `address`, `user_agent`) VALUES (301, 3, '2022-06-07 17:28:29', '192.168.56.1', NULL, NULL);
INSERT INTO `ums_admin_login_log` (`id`, `admin_id`, `create_time`, `ip`, `address`, `user_agent`) VALUES (302, 3, '2022-06-08 09:48:32', '192.168.56.1', NULL, NULL);
INSERT INTO `ums_admin_login_log` (`id`, `admin_id`, `create_time`, `ip`, `address`, `user_agent`) VALUES (303, 3, '2022-06-08 10:34:20', '192.168.56.1', NULL, NULL);
INSERT INTO `ums_admin_login_log` (`id`, `admin_id`, `create_time`, `ip`, `address`, `user_agent`) VALUES (304, 3, '2022-06-08 17:09:29', '192.168.56.1', NULL, NULL);
INSERT INTO `ums_admin_login_log` (`id`, `admin_id`, `create_time`, `ip`, `address`, `user_agent`) VALUES (305, 3, '2022-06-08 17:10:11', '192.168.56.1', NULL, NULL);
INSERT INTO `ums_admin_login_log` (`id`, `admin_id`, `create_time`, `ip`, `address`, `user_agent`) VALUES (306, 6, '2022-06-08 17:10:55', '192.168.56.1', NULL, NULL);
INSERT INTO `ums_admin_login_log` (`id`, `admin_id`, `create_time`, `ip`, `address`, `user_agent`) VALUES (307, 3, '2022-06-08 17:23:05', '192.168.56.1', NULL, NULL);
INSERT INTO `ums_admin_login_log` (`id`, `admin_id`, `create_time`, `ip`, `address`, `user_agent`) VALUES (308, 3, '2022-06-08 17:30:51', '192.168.56.1', NULL, NULL);
INSERT INTO `ums_admin_login_log` (`id`, `admin_id`, `create_time`, `ip`, `address`, `user_agent`) VALUES (309, 3, '2022-06-08 17:31:42', '192.168.56.1', NULL, NULL);
INSERT INTO `ums_admin_login_log` (`id`, `admin_id`, `create_time`, `ip`, `address`, `user_agent`) VALUES (310, 3, '2022-06-08 17:31:48', '192.168.56.1', NULL, NULL);
INSERT INTO `ums_admin_login_log` (`id`, `admin_id`, `create_time`, `ip`, `address`, `user_agent`) VALUES (311, 3, '2022-06-08 21:03:56', '192.168.56.1', NULL, NULL);
INSERT INTO `ums_admin_login_log` (`id`, `admin_id`, `create_time`, `ip`, `address`, `user_agent`) VALUES (312, 3, '2022-06-09 10:41:31', '192.168.56.1', NULL, NULL);
INSERT INTO `ums_admin_login_log` (`id`, `admin_id`, `create_time`, `ip`, `address`, `user_agent`) VALUES (313, 3, '2022-06-09 15:18:46', '192.168.56.1', NULL, NULL);
INSERT INTO `ums_admin_login_log` (`id`, `admin_id`, `create_time`, `ip`, `address`, `user_agent`) VALUES (314, 3, '2022-06-10 15:43:15', '192.168.56.1', NULL, NULL);
INSERT INTO `ums_admin_login_log` (`id`, `admin_id`, `create_time`, `ip`, `address`, `user_agent`) VALUES (315, 3, '2022-06-10 15:52:27', '192.168.56.1', NULL, NULL);
INSERT INTO `ums_admin_login_log` (`id`, `admin_id`, `create_time`, `ip`, `address`, `user_agent`) VALUES (316, 3, '2022-06-15 14:41:59', '192.168.56.1', NULL, NULL);
INSERT INTO `ums_admin_login_log` (`id`, `admin_id`, `create_time`, `ip`, `address`, `user_agent`) VALUES (317, 3, '2022-06-23 16:24:09', '192.168.3.6', NULL, NULL);
INSERT INTO `ums_admin_login_log` (`id`, `admin_id`, `create_time`, `ip`, `address`, `user_agent`) VALUES (318, 3, '2022-06-23 16:41:33', '192.168.3.6', NULL, NULL);
INSERT INTO `ums_admin_login_log` (`id`, `admin_id`, `create_time`, `ip`, `address`, `user_agent`) VALUES (319, 3, '2022-06-23 16:42:50', '192.168.3.6', NULL, NULL);
INSERT INTO `ums_admin_login_log` (`id`, `admin_id`, `create_time`, `ip`, `address`, `user_agent`) VALUES (320, 3, '2022-06-23 16:42:51', '192.168.3.6', NULL, NULL);
INSERT INTO `ums_admin_login_log` (`id`, `admin_id`, `create_time`, `ip`, `address`, `user_agent`) VALUES (321, 3, '2022-06-23 16:42:52', '192.168.3.6', NULL, NULL);
INSERT INTO `ums_admin_login_log` (`id`, `admin_id`, `create_time`, `ip`, `address`, `user_agent`) VALUES (322, 3, '2022-06-23 16:42:53', '192.168.3.6', NULL, NULL);
INSERT INTO `ums_admin_login_log` (`id`, `admin_id`, `create_time`, `ip`, `address`, `user_agent`) VALUES (323, 3, '2022-06-23 16:43:07', '192.168.3.6', NULL, NULL);
INSERT INTO `ums_admin_login_log` (`id`, `admin_id`, `create_time`, `ip`, `address`, `user_agent`) VALUES (324, 3, '2022-06-23 16:44:56', '192.168.3.6', NULL, NULL);
INSERT INTO `ums_admin_login_log` (`id`, `admin_id`, `create_time`, `ip`, `address`, `user_agent`) VALUES (325, 3, '2022-06-23 16:45:42', '192.168.3.6', NULL, NULL);
INSERT INTO `ums_admin_login_log` (`id`, `admin_id`, `create_time`, `ip`, `address`, `user_agent`) VALUES (326, 3, '2022-06-23 16:50:08', '192.168.3.6', NULL, NULL);
INSERT INTO `ums_admin_login_log` (`id`, `admin_id`, `create_time`, `ip`, `address`, `user_agent`) VALUES (327, 3, '2022-06-24 15:19:04', '192.168.3.227', NULL, NULL);
INSERT INTO `ums_admin_login_log` (`id`, `admin_id`, `create_time`, `ip`, `address`, `user_agent`) VALUES (328, 3, '2022-06-24 15:25:52', '192.168.3.227', NULL, NULL);
INSERT INTO `ums_admin_login_log` (`id`, `admin_id`, `create_time`, `ip`, `address`, `user_agent`) VALUES (329, 3, '2022-06-24 15:40:29', '192.168.3.227', NULL, NULL);
INSERT INTO `ums_admin_login_log` (`id`, `admin_id`, `create_time`, `ip`, `address`, `user_agent`) VALUES (330, 3, '2022-06-25 15:13:52', '192.168.56.1', NULL, NULL);
INSERT INTO `ums_admin_login_log` (`id`, `admin_id`, `create_time`, `ip`, `address`, `user_agent`) VALUES (331, 3, '2022-06-25 15:25:12', '192.168.56.1', NULL, NULL);
INSERT INTO `ums_admin_login_log` (`id`, `admin_id`, `create_time`, `ip`, `address`, `user_agent`) VALUES (332, 3, '2022-06-27 16:38:37', '192.168.56.1', NULL, NULL);
INSERT INTO `ums_admin_login_log` (`id`, `admin_id`, `create_time`, `ip`, `address`, `user_agent`) VALUES (333, 3, '2022-07-24 10:10:06', '192.168.3.227', NULL, NULL);
INSERT INTO `ums_admin_login_log` (`id`, `admin_id`, `create_time`, `ip`, `address`, `user_agent`) VALUES (334, 1, '2022-07-25 17:15:55', '192.168.56.1', NULL, NULL);
INSERT INTO `ums_admin_login_log` (`id`, `admin_id`, `create_time`, `ip`, `address`, `user_agent`) VALUES (335, 3, '2022-07-27 09:41:32', '192.168.3.227', NULL, NULL);
INSERT INTO `ums_admin_login_log` (`id`, `admin_id`, `create_time`, `ip`, `address`, `user_agent`) VALUES (336, 1, '2022-07-28 16:56:10', '192.168.56.1', NULL, NULL);
INSERT INTO `ums_admin_login_log` (`id`, `admin_id`, `create_time`, `ip`, `address`, `user_agent`) VALUES (337, 1, '2022-07-28 16:56:25', '192.168.56.1', NULL, NULL);
INSERT INTO `ums_admin_login_log` (`id`, `admin_id`, `create_time`, `ip`, `address`, `user_agent`) VALUES (338, 8, '2022-08-07 14:46:00', '192.168.56.1', NULL, NULL);
INSERT INTO `ums_admin_login_log` (`id`, `admin_id`, `create_time`, `ip`, `address`, `user_agent`) VALUES (339, 9, '2022-08-07 14:53:32', '192.168.56.1', NULL, NULL);
INSERT INTO `ums_admin_login_log` (`id`, `admin_id`, `create_time`, `ip`, `address`, `user_agent`) VALUES (340, 9, '2022-08-07 14:53:46', '192.168.56.1', NULL, NULL);
INSERT INTO `ums_admin_login_log` (`id`, `admin_id`, `create_time`, `ip`, `address`, `user_agent`) VALUES (341, 9, '2022-08-07 14:56:19', '192.168.56.1', NULL, NULL);
INSERT INTO `ums_admin_login_log` (`id`, `admin_id`, `create_time`, `ip`, `address`, `user_agent`) VALUES (342, 1, '2022-08-09 10:53:55', '192.168.56.1', NULL, NULL);
INSERT INTO `ums_admin_login_log` (`id`, `admin_id`, `create_time`, `ip`, `address`, `user_agent`) VALUES (343, 1, '2022-08-09 10:54:36', '192.168.56.1', NULL, NULL);
INSERT INTO `ums_admin_login_log` (`id`, `admin_id`, `create_time`, `ip`, `address`, `user_agent`) VALUES (344, 1, '2022-08-09 11:00:06', '192.168.56.1', NULL, NULL);
INSERT INTO `ums_admin_login_log` (`id`, `admin_id`, `create_time`, `ip`, `address`, `user_agent`) VALUES (345, 1, '2022-08-09 11:02:04', '192.168.56.1', NULL, NULL);
INSERT INTO `ums_admin_login_log` (`id`, `admin_id`, `create_time`, `ip`, `address`, `user_agent`) VALUES (346, 1, '2022-08-09 15:48:14', '192.168.56.1', NULL, NULL);
INSERT INTO `ums_admin_login_log` (`id`, `admin_id`, `create_time`, `ip`, `address`, `user_agent`) VALUES (347, 1, '2022-08-16 16:35:24', '192.168.56.1', NULL, NULL);
INSERT INTO `ums_admin_login_log` (`id`, `admin_id`, `create_time`, `ip`, `address`, `user_agent`) VALUES (348, 1, '2022-08-17 15:03:52', '192.168.56.1', NULL, NULL);
INSERT INTO `ums_admin_login_log` (`id`, `admin_id`, `create_time`, `ip`, `address`, `user_agent`) VALUES (349, 1, '2022-08-20 16:49:19', '192.168.56.1', NULL, NULL);
INSERT INTO `ums_admin_login_log` (`id`, `admin_id`, `create_time`, `ip`, `address`, `user_agent`) VALUES (350, 1, '2022-08-23 14:54:06', '192.168.56.1', NULL, NULL);
INSERT INTO `ums_admin_login_log` (`id`, `admin_id`, `create_time`, `ip`, `address`, `user_agent`) VALUES (351, 1, '2022-08-31 17:16:35', '192.168.56.1', NULL, NULL);
INSERT INTO `ums_admin_login_log` (`id`, `admin_id`, `create_time`, `ip`, `address`, `user_agent`) VALUES (352, 3, '2022-10-14 15:31:42', '192.168.56.1', NULL, NULL);
INSERT INTO `ums_admin_login_log` (`id`, `admin_id`, `create_time`, `ip`, `address`, `user_agent`) VALUES (353, 3, '2022-10-14 15:42:39', '192.168.56.1', NULL, NULL);
INSERT INTO `ums_admin_login_log` (`id`, `admin_id`, `create_time`, `ip`, `address`, `user_agent`) VALUES (354, 3, '2022-10-14 15:44:08', '192.168.56.1', NULL, NULL);
INSERT INTO `ums_admin_login_log` (`id`, `admin_id`, `create_time`, `ip`, `address`, `user_agent`) VALUES (355, 3, '2022-10-14 15:46:23', '192.168.56.1', NULL, NULL);
INSERT INTO `ums_admin_login_log` (`id`, `admin_id`, `create_time`, `ip`, `address`, `user_agent`) VALUES (356, 3, '2022-10-14 15:46:35', '192.168.56.1', NULL, NULL);
INSERT INTO `ums_admin_login_log` (`id`, `admin_id`, `create_time`, `ip`, `address`, `user_agent`) VALUES (357, 3, '2022-10-14 16:06:11', '192.168.56.1', NULL, NULL);
INSERT INTO `ums_admin_login_log` (`id`, `admin_id`, `create_time`, `ip`, `address`, `user_agent`) VALUES (358, 3, '2022-10-14 16:24:08', '192.168.56.1', NULL, NULL);
INSERT INTO `ums_admin_login_log` (`id`, `admin_id`, `create_time`, `ip`, `address`, `user_agent`) VALUES (359, 3, '2022-10-17 16:44:52', '192.168.56.1', NULL, NULL);
INSERT INTO `ums_admin_login_log` (`id`, `admin_id`, `create_time`, `ip`, `address`, `user_agent`) VALUES (360, 3, '2022-10-17 16:49:42', '192.168.56.1', NULL, NULL);
INSERT INTO `ums_admin_login_log` (`id`, `admin_id`, `create_time`, `ip`, `address`, `user_agent`) VALUES (361, 3, '2022-10-17 16:49:53', '192.168.56.1', NULL, NULL);
INSERT INTO `ums_admin_login_log` (`id`, `admin_id`, `create_time`, `ip`, `address`, `user_agent`) VALUES (362, 3, '2022-10-17 17:03:10', '192.168.56.1', NULL, NULL);
INSERT INTO `ums_admin_login_log` (`id`, `admin_id`, `create_time`, `ip`, `address`, `user_agent`) VALUES (363, 3, '2022-10-17 17:03:22', '192.168.56.1', NULL, NULL);
INSERT INTO `ums_admin_login_log` (`id`, `admin_id`, `create_time`, `ip`, `address`, `user_agent`) VALUES (364, 3, '2022-10-17 21:00:48', '192.168.56.1', NULL, NULL);
INSERT INTO `ums_admin_login_log` (`id`, `admin_id`, `create_time`, `ip`, `address`, `user_agent`) VALUES (365, 3, '2022-10-24 16:32:31', '192.168.56.1', NULL, NULL);
INSERT INTO `ums_admin_login_log` (`id`, `admin_id`, `create_time`, `ip`, `address`, `user_agent`) VALUES (366, 3, '2022-10-26 16:31:17', '192.168.56.1', NULL, NULL);
INSERT INTO `ums_admin_login_log` (`id`, `admin_id`, `create_time`, `ip`, `address`, `user_agent`) VALUES (367, 3, '2022-10-26 16:50:48', '192.168.56.1', NULL, NULL);
INSERT INTO `ums_admin_login_log` (`id`, `admin_id`, `create_time`, `ip`, `address`, `user_agent`) VALUES (368, 3, '2022-10-26 16:52:28', '192.168.56.1', NULL, NULL);
INSERT INTO `ums_admin_login_log` (`id`, `admin_id`, `create_time`, `ip`, `address`, `user_agent`) VALUES (369, 3, '2022-10-27 17:21:28', '192.168.56.1', NULL, NULL);
INSERT INTO `ums_admin_login_log` (`id`, `admin_id`, `create_time`, `ip`, `address`, `user_agent`) VALUES (370, 3, '2022-10-28 10:52:22', '192.168.56.1', NULL, NULL);
INSERT INTO `ums_admin_login_log` (`id`, `admin_id`, `create_time`, `ip`, `address`, `user_agent`) VALUES (371, 3, '2022-11-04 16:09:08', '192.168.56.1', NULL, NULL);
INSERT INTO `ums_admin_login_log` (`id`, `admin_id`, `create_time`, `ip`, `address`, `user_agent`) VALUES (372, 3, '2022-11-08 10:27:27', '192.168.56.1', NULL, NULL);
INSERT INTO `ums_admin_login_log` (`id`, `admin_id`, `create_time`, `ip`, `address`, `user_agent`) VALUES (373, 3, '2022-11-09 10:42:30', '192.168.56.1', NULL, NULL);
INSERT INTO `ums_admin_login_log` (`id`, `admin_id`, `create_time`, `ip`, `address`, `user_agent`) VALUES (374, 3, '2022-11-10 15:03:08', '192.168.56.1', NULL, NULL);
INSERT INTO `ums_admin_login_log` (`id`, `admin_id`, `create_time`, `ip`, `address`, `user_agent`) VALUES (375, 3, '2022-11-11 10:11:11', '192.168.56.1', NULL, NULL);
INSERT INTO `ums_admin_login_log` (`id`, `admin_id`, `create_time`, `ip`, `address`, `user_agent`) VALUES (376, 3, '2022-11-14 16:33:30', '192.168.56.1', NULL, NULL);
INSERT INTO `ums_admin_login_log` (`id`, `admin_id`, `create_time`, `ip`, `address`, `user_agent`) VALUES (377, 3, '2022-11-15 10:54:02', '192.168.56.1', NULL, NULL);
INSERT INTO `ums_admin_login_log` (`id`, `admin_id`, `create_time`, `ip`, `address`, `user_agent`) VALUES (378, 3, '2022-11-15 15:16:35', '192.168.56.1', NULL, NULL);
INSERT INTO `ums_admin_login_log` (`id`, `admin_id`, `create_time`, `ip`, `address`, `user_agent`) VALUES (379, 3, '2022-11-15 15:17:41', '192.168.56.1', NULL, NULL);
INSERT INTO `ums_admin_login_log` (`id`, `admin_id`, `create_time`, `ip`, `address`, `user_agent`) VALUES (380, 3, '2022-11-15 15:17:47', '192.168.56.1', NULL, NULL);
INSERT INTO `ums_admin_login_log` (`id`, `admin_id`, `create_time`, `ip`, `address`, `user_agent`) VALUES (381, 1, '2022-11-15 15:19:56', '192.168.56.1', NULL, NULL);
INSERT INTO `ums_admin_login_log` (`id`, `admin_id`, `create_time`, `ip`, `address`, `user_agent`) VALUES (382, 3, '2022-11-15 15:20:12', '192.168.56.1', NULL, NULL);
INSERT INTO `ums_admin_login_log` (`id`, `admin_id`, `create_time`, `ip`, `address`, `user_agent`) VALUES (383, 3, '2022-11-15 15:22:22', '192.168.56.1', NULL, NULL);
INSERT INTO `ums_admin_login_log` (`id`, `admin_id`, `create_time`, `ip`, `address`, `user_agent`) VALUES (384, 3, '2022-11-16 10:39:08', '192.168.56.1', NULL, NULL);
INSERT INTO `ums_admin_login_log` (`id`, `admin_id`, `create_time`, `ip`, `address`, `user_agent`) VALUES (385, 1, '2022-11-24 20:02:12', '192.168.56.1', NULL, NULL);
INSERT INTO `ums_admin_login_log` (`id`, `admin_id`, `create_time`, `ip`, `address`, `user_agent`) VALUES (386, 3, '2022-11-28 15:24:02', '192.168.56.1', NULL, NULL);
INSERT INTO `ums_admin_login_log` (`id`, `admin_id`, `create_time`, `ip`, `address`, `user_agent`) VALUES (387, 3, '2022-11-30 09:34:28', '192.168.56.1', NULL, NULL);
INSERT INTO `ums_admin_login_log` (`id`, `admin_id`, `create_time`, `ip`, `address`, `user_agent`) VALUES (388, 3, '2022-12-05 09:43:58', '192.168.56.1', NULL, NULL);
INSERT INTO `ums_admin_login_log` (`id`, `admin_id`, `create_time`, `ip`, `address`, `user_agent`) VALUES (389, 3, '2022-12-09 17:18:09', '192.168.56.1', NULL, NULL);
INSERT INTO `ums_admin_login_log` (`id`, `admin_id`, `create_time`, `ip`, `address`, `user_agent`) VALUES (390, 3, '2022-12-15 14:53:39', '192.168.56.1', NULL, NULL);
INSERT INTO `ums_admin_login_log` (`id`, `admin_id`, `create_time`, `ip`, `address`, `user_agent`) VALUES (391, 3, '2022-12-15 16:11:54', '192.168.56.1', NULL, NULL);
INSERT INTO `ums_admin_login_log` (`id`, `admin_id`, `create_time`, `ip`, `address`, `user_agent`) VALUES (392, 3, '2022-12-20 15:55:18', '192.168.56.1', NULL, NULL);
INSERT INTO `ums_admin_login_log` (`id`, `admin_id`, `create_time`, `ip`, `address`, `user_agent`) VALUES (393, 3, '2022-12-21 14:49:30', '192.168.56.1', NULL, NULL);
INSERT INTO `ums_admin_login_log` (`id`, `admin_id`, `create_time`, `ip`, `address`, `user_agent`) VALUES (394, 3, '2022-12-23 09:49:50', '192.168.56.1', NULL, NULL);
INSERT INTO `ums_admin_login_log` (`id`, `admin_id`, `create_time`, `ip`, `address`, `user_agent`) VALUES (395, 3, '2023-01-04 10:17:44', '192.168.56.1', NULL, NULL);
INSERT INTO `ums_admin_login_log` (`id`, `admin_id`, `create_time`, `ip`, `address`, `user_agent`) VALUES (396, 3, '2023-01-04 15:28:47', '192.168.56.1', NULL, NULL);
INSERT INTO `ums_admin_login_log` (`id`, `admin_id`, `create_time`, `ip`, `address`, `user_agent`) VALUES (397, 3, '2023-01-05 10:13:43', '192.168.56.1', NULL, NULL);
INSERT INTO `ums_admin_login_log` (`id`, `admin_id`, `create_time`, `ip`, `address`, `user_agent`) VALUES (398, 3, '2023-01-06 09:49:23', '192.168.56.1', NULL, NULL);
INSERT INTO `ums_admin_login_log` (`id`, `admin_id`, `create_time`, `ip`, `address`, `user_agent`) VALUES (399, 3, '2023-01-06 10:04:19', '192.168.56.1', NULL, NULL);
INSERT INTO `ums_admin_login_log` (`id`, `admin_id`, `create_time`, `ip`, `address`, `user_agent`) VALUES (400, 3, '2023-01-06 10:07:06', '192.168.56.1', NULL, NULL);
INSERT INTO `ums_admin_login_log` (`id`, `admin_id`, `create_time`, `ip`, `address`, `user_agent`) VALUES (401, 3, '2023-01-06 16:21:31', '192.168.56.1', NULL, NULL);
INSERT INTO `ums_admin_login_log` (`id`, `admin_id`, `create_time`, `ip`, `address`, `user_agent`) VALUES (402, 3, '2023-01-09 16:50:30', '192.168.56.1', NULL, NULL);
INSERT INTO `ums_admin_login_log` (`id`, `admin_id`, `create_time`, `ip`, `address`, `user_agent`) VALUES (403, 3, '2023-01-10 10:05:52', '192.168.56.1', NULL, NULL);
INSERT INTO `ums_admin_login_log` (`id`, `admin_id`, `create_time`, `ip`, `address`, `user_agent`) VALUES (404, 3, '2023-01-10 17:09:44', '192.168.56.1', NULL, NULL);
INSERT INTO `ums_admin_login_log` (`id`, `admin_id`, `create_time`, `ip`, `address`, `user_agent`) VALUES (405, 3, '2023-01-11 10:17:17', '192.168.56.1', NULL, NULL);
INSERT INTO `ums_admin_login_log` (`id`, `admin_id`, `create_time`, `ip`, `address`, `user_agent`) VALUES (406, 3, '2023-01-13 09:35:37', '192.168.56.1', NULL, NULL);
INSERT INTO `ums_admin_login_log` (`id`, `admin_id`, `create_time`, `ip`, `address`, `user_agent`) VALUES (407, 3, '2023-01-13 09:40:51', '192.168.56.1', NULL, NULL);
INSERT INTO `ums_admin_login_log` (`id`, `admin_id`, `create_time`, `ip`, `address`, `user_agent`) VALUES (408, 3, '2023-01-31 10:46:52', '192.168.56.1', NULL, NULL);
INSERT INTO `ums_admin_login_log` (`id`, `admin_id`, `create_time`, `ip`, `address`, `user_agent`) VALUES (409, 3, '2023-02-08 17:11:11', '192.168.56.1', NULL, NULL);
INSERT INTO `ums_admin_login_log` (`id`, `admin_id`, `create_time`, `ip`, `address`, `user_agent`) VALUES (410, 3, '2023-02-09 15:46:41', '192.168.56.1', NULL, NULL);
INSERT INTO `ums_admin_login_log` (`id`, `admin_id`, `create_time`, `ip`, `address`, `user_agent`) VALUES (411, 3, '2023-02-10 17:23:52', '192.168.56.1', NULL, NULL);
INSERT INTO `ums_admin_login_log` (`id`, `admin_id`, `create_time`, `ip`, `address`, `user_agent`) VALUES (412, 3, '2023-05-11 15:29:54', '192.168.56.1', NULL, NULL);
INSERT INTO `ums_admin_login_log` (`id`, `admin_id`, `create_time`, `ip`, `address`, `user_agent`) VALUES (413, 3, '2025-02-03 17:31:36', '192.168.56.1', NULL, NULL);
INSERT INTO `ums_admin_login_log` (`id`, `admin_id`, `create_time`, `ip`, `address`, `user_agent`) VALUES (414, 3, '2025-02-04 12:15:48', '192.168.56.1', NULL, NULL);
INSERT INTO `ums_admin_login_log` (`id`, `admin_id`, `create_time`, `ip`, `address`, `user_agent`) VALUES (415, 3, '2025-02-04 14:01:44', '192.168.56.1', NULL, NULL);
INSERT INTO `ums_admin_login_log` (`id`, `admin_id`, `create_time`, `ip`, `address`, `user_agent`) VALUES (416, 3, '2025-02-04 15:18:58', '192.168.56.1', NULL, NULL);
INSERT INTO `ums_admin_login_log` (`id`, `admin_id`, `create_time`, `ip`, `address`, `user_agent`) VALUES (417, 3, '2025-02-04 16:30:44', '192.168.56.1', NULL, NULL);
INSERT INTO `ums_admin_login_log` (`id`, `admin_id`, `create_time`, `ip`, `address`, `user_agent`) VALUES (418, 3, '2025-02-04 18:43:13', '192.168.56.1', NULL, NULL);
INSERT INTO `ums_admin_login_log` (`id`, `admin_id`, `create_time`, `ip`, `address`, `user_agent`) VALUES (419, 3, '2025-02-04 19:57:26', '192.168.56.1', NULL, NULL);
INSERT INTO `ums_admin_login_log` (`id`, `admin_id`, `create_time`, `ip`, `address`, `user_agent`) VALUES (420, 3, '2025-02-04 21:44:28', '192.168.56.1', NULL, NULL);
INSERT INTO `ums_admin_login_log` (`id`, `admin_id`, `create_time`, `ip`, `address`, `user_agent`) VALUES (421, 3, '2025-02-05 10:03:00', '192.168.56.1', NULL, NULL);
INSERT INTO `ums_admin_login_log` (`id`, `admin_id`, `create_time`, `ip`, `address`, `user_agent`) VALUES (422, 3, '2025-02-06 13:26:41', '192.168.56.1', NULL, NULL);
INSERT INTO `ums_admin_login_log` (`id`, `admin_id`, `create_time`, `ip`, `address`, `user_agent`) VALUES (423, 3, '2025-02-06 15:35:04', '192.168.56.1', NULL, NULL);
INSERT INTO `ums_admin_login_log` (`id`, `admin_id`, `create_time`, `ip`, `address`, `user_agent`) VALUES (424, 3, '2025-02-06 15:59:55', '192.168.56.1', NULL, NULL);
INSERT INTO `ums_admin_login_log` (`id`, `admin_id`, `create_time`, `ip`, `address`, `user_agent`) VALUES (425, 3, '2025-02-07 09:54:22', '192.168.56.1', NULL, NULL);
INSERT INTO `ums_admin_login_log` (`id`, `admin_id`, `create_time`, `ip`, `address`, `user_agent`) VALUES (426, 3, '2025-02-07 19:42:28', '192.168.56.1', NULL, NULL);
INSERT INTO `ums_admin_login_log` (`id`, `admin_id`, `create_time`, `ip`, `address`, `user_agent`) VALUES (427, 3, '2025-02-07 19:52:49', '192.168.56.1', NULL, NULL);
INSERT INTO `ums_admin_login_log` (`id`, `admin_id`, `create_time`, `ip`, `address`, `user_agent`) VALUES (428, 3, '2025-02-07 20:01:29', '192.168.56.1', NULL, NULL);
INSERT INTO `ums_admin_login_log` (`id`, `admin_id`, `create_time`, `ip`, `address`, `user_agent`) VALUES (429, 3, '2025-02-07 20:34:41', '192.168.56.1', NULL, NULL);
INSERT INTO `ums_admin_login_log` (`id`, `admin_id`, `create_time`, `ip`, `address`, `user_agent`) VALUES (430, 3, '2025-02-07 20:39:39', '192.168.56.1', NULL, NULL);
INSERT INTO `ums_admin_login_log` (`id`, `admin_id`, `create_time`, `ip`, `address`, `user_agent`) VALUES (431, 3, '2025-02-07 20:49:05', '192.168.56.1', NULL, NULL);
INSERT INTO `ums_admin_login_log` (`id`, `admin_id`, `create_time`, `ip`, `address`, `user_agent`) VALUES (432, 3, '2025-02-07 21:32:27', '192.168.56.1', NULL, NULL);
INSERT INTO `ums_admin_login_log` (`id`, `admin_id`, `create_time`, `ip`, `address`, `user_agent`) VALUES (433, 3, '2025-02-07 21:53:38', '192.168.56.1', NULL, NULL);
INSERT INTO `ums_admin_login_log` (`id`, `admin_id`, `create_time`, `ip`, `address`, `user_agent`) VALUES (434, 3, '2025-02-08 09:33:58', '192.168.56.1', NULL, NULL);
INSERT INTO `ums_admin_login_log` (`id`, `admin_id`, `create_time`, `ip`, `address`, `user_agent`) VALUES (435, 3, '2025-02-08 13:58:50', '192.168.56.1', NULL, NULL);
INSERT INTO `ums_admin_login_log` (`id`, `admin_id`, `create_time`, `ip`, `address`, `user_agent`) VALUES (436, 3, '2025-02-08 16:59:16', '192.168.56.1', NULL, NULL);
INSERT INTO `ums_admin_login_log` (`id`, `admin_id`, `create_time`, `ip`, `address`, `user_agent`) VALUES (437, 3, '2025-02-08 18:02:54', '192.168.56.1', NULL, NULL);
INSERT INTO `ums_admin_login_log` (`id`, `admin_id`, `create_time`, `ip`, `address`, `user_agent`) VALUES (438, 3, '2025-02-08 18:17:54', '192.168.56.1', NULL, NULL);
INSERT INTO `ums_admin_login_log` (`id`, `admin_id`, `create_time`, `ip`, `address`, `user_agent`) VALUES (439, 3, '2025-02-08 20:16:21', '192.168.56.1', NULL, NULL);
INSERT INTO `ums_admin_login_log` (`id`, `admin_id`, `create_time`, `ip`, `address`, `user_agent`) VALUES (440, 3, '2025-02-08 20:52:59', '192.168.56.1', NULL, NULL);
INSERT INTO `ums_admin_login_log` (`id`, `admin_id`, `create_time`, `ip`, `address`, `user_agent`) VALUES (441, 3, '2025-02-08 21:09:55', '192.168.56.1', NULL, NULL);
INSERT INTO `ums_admin_login_log` (`id`, `admin_id`, `create_time`, `ip`, `address`, `user_agent`) VALUES (442, 3, '2025-02-08 21:16:12', '192.168.56.1', NULL, NULL);
INSERT INTO `ums_admin_login_log` (`id`, `admin_id`, `create_time`, `ip`, `address`, `user_agent`) VALUES (443, 3, '2025-02-08 21:17:39', '192.168.56.1', NULL, NULL);
INSERT INTO `ums_admin_login_log` (`id`, `admin_id`, `create_time`, `ip`, `address`, `user_agent`) VALUES (444, 3, '2025-02-08 21:18:25', '192.168.56.1', NULL, NULL);
INSERT INTO `ums_admin_login_log` (`id`, `admin_id`, `create_time`, `ip`, `address`, `user_agent`) VALUES (445, 3, '2025-02-08 21:45:36', '192.168.56.1', NULL, NULL);
INSERT INTO `ums_admin_login_log` (`id`, `admin_id`, `create_time`, `ip`, `address`, `user_agent`) VALUES (446, 3, '2025-02-08 22:19:57', '192.168.56.1', NULL, NULL);
INSERT INTO `ums_admin_login_log` (`id`, `admin_id`, `create_time`, `ip`, `address`, `user_agent`) VALUES (447, 3, '2025-02-09 09:43:57', '192.168.56.1', NULL, NULL);
INSERT INTO `ums_admin_login_log` (`id`, `admin_id`, `create_time`, `ip`, `address`, `user_agent`) VALUES (448, 3, '2025-02-09 10:11:53', '192.168.56.1', NULL, NULL);
INSERT INTO `ums_admin_login_log` (`id`, `admin_id`, `create_time`, `ip`, `address`, `user_agent`) VALUES (449, 3, '2025-02-09 15:52:49', '192.168.56.1', NULL, NULL);
INSERT INTO `ums_admin_login_log` (`id`, `admin_id`, `create_time`, `ip`, `address`, `user_agent`) VALUES (450, 3, '2025-02-09 16:41:39', '192.168.56.1', NULL, NULL);
INSERT INTO `ums_admin_login_log` (`id`, `admin_id`, `create_time`, `ip`, `address`, `user_agent`) VALUES (451, 3, '2025-02-10 12:46:57', '192.168.56.1', NULL, NULL);
INSERT INTO `ums_admin_login_log` (`id`, `admin_id`, `create_time`, `ip`, `address`, `user_agent`) VALUES (452, 3, '2025-02-11 13:01:41', '192.168.56.1', NULL, NULL);
INSERT INTO `ums_admin_login_log` (`id`, `admin_id`, `create_time`, `ip`, `address`, `user_agent`) VALUES (453, 3, '2025-02-12 12:23:55', '192.168.56.1', NULL, NULL);
INSERT INTO `ums_admin_login_log` (`id`, `admin_id`, `create_time`, `ip`, `address`, `user_agent`) VALUES (454, 3, '2025-02-12 15:20:14', '192.168.56.1', NULL, NULL);
INSERT INTO `ums_admin_login_log` (`id`, `admin_id`, `create_time`, `ip`, `address`, `user_agent`) VALUES (455, 3, '2025-02-14 15:05:52', '192.168.56.1', NULL, NULL);
INSERT INTO `ums_admin_login_log` (`id`, `admin_id`, `create_time`, `ip`, `address`, `user_agent`) VALUES (456, 3, '2025-02-15 11:38:12', '192.168.56.1', NULL, NULL);
INSERT INTO `ums_admin_login_log` (`id`, `admin_id`, `create_time`, `ip`, `address`, `user_agent`) VALUES (457, 3, '2025-02-18 14:19:27', '192.168.56.1', NULL, NULL);
INSERT INTO `ums_admin_login_log` (`id`, `admin_id`, `create_time`, `ip`, `address`, `user_agent`) VALUES (458, 3, '2025-02-24 14:53:42', '192.168.0.108', NULL, NULL);
INSERT INTO `ums_admin_login_log` (`id`, `admin_id`, `create_time`, `ip`, `address`, `user_agent`) VALUES (459, 3, '2025-03-03 15:18:57', '192.168.0.108', NULL, NULL);
INSERT INTO `ums_admin_login_log` (`id`, `admin_id`, `create_time`, `ip`, `address`, `user_agent`) VALUES (460, 3, '2025-03-03 17:16:19', '192.168.0.108', NULL, NULL);
INSERT INTO `ums_admin_login_log` (`id`, `admin_id`, `create_time`, `ip`, `address`, `user_agent`) VALUES (461, 3, '2025-03-08 15:31:52', '192.168.0.108', NULL, NULL);
INSERT INTO `ums_admin_login_log` (`id`, `admin_id`, `create_time`, `ip`, `address`, `user_agent`) VALUES (462, 3, '2025-03-13 19:34:45', '192.168.0.108', NULL, NULL);
INSERT INTO `ums_admin_login_log` (`id`, `admin_id`, `create_time`, `ip`, `address`, `user_agent`) VALUES (463, 3, '2025-03-18 16:30:29', '192.168.0.108', NULL, NULL);
INSERT INTO `ums_admin_login_log` (`id`, `admin_id`, `create_time`, `ip`, `address`, `user_agent`) VALUES (464, 3, '2025-03-19 13:12:34', '192.168.0.108', NULL, NULL);
INSERT INTO `ums_admin_role_relation` (`id`, `admin_id`, `role_id`) VALUES (26, 3, 7);
INSERT INTO `ums_admin_role_relation` (`id`, `admin_id`, `role_id`) VALUES (27, 6, 1);
INSERT INTO `ums_admin_role_relation` (`id`, `admin_id`, `role_id`) VALUES (28, 7, 2);
INSERT INTO `ums_admin_role_relation` (`id`, `admin_id`, `role_id`) VALUES (29, 1, 5);
INSERT INTO `ums_admin_role_relation` (`id`, `admin_id`, `role_id`) VALUES (30, 4, 5);
INSERT INTO `ums_admin_role_relation` (`id`, `admin_id`, `role_id`) VALUES (31, 8, 6);
INSERT INTO `ums_admin_role_relation` (`id`, `admin_id`, `role_id`) VALUES (32, 9, 6);
INSERT INTO `ums_admin_role_relation` (`id`, `admin_id`, `role_id`) VALUES (33, 10, 6);
INSERT INTO `ums_euex` (`id`, `client_id`, `token`) VALUES (1, 'David', 'w1FBC42XNTjQ1C4y65sA');
INSERT INTO `ums_growth_change_history` (`id`, `member_id`, `create_time`, `change_type`, `change_count`, `operate_man`, `operate_note`, `source_type`) VALUES (1, 1, '2018-08-29 17:16:35', 0, 1000, 'test', '测试使用', 1);
INSERT INTO `ums_integration_consume_setting` (`id`, `deduction_per_amount`, `max_percent_per_order`, `use_unit`, `coupon_status`) VALUES (1, 100, 50, 100, 1);
INSERT INTO `ums_member` (`id`, `member_level_id`, `username`, `password`, `nickname`, `phone`, `status`, `create_time`, `icon`, `gender`, `birthday`, `city`, `job`, `personalized_signature`, `source_type`, `integration`, `growth`, `luckey_count`, `history_integration`) VALUES (1, 4, 'test', '$2a$10$NZ5o7r2E.ayT2ZoxgjlI.eJ6OEYqjH7INR/F.mXDbjZJi9HF0YCVG', 'test', '18061581849', 1, '2018-08-02 10:35:44', 'https://macro-oss.oss-cn-shenzhen.aliyuncs.com/mall/icon/github_icon_03.png', 1, '2009-06-01', '上海', '学生', 'test', NULL, 3900, 1000, NULL, NULL);
INSERT INTO `ums_member` (`id`, `member_level_id`, `username`, `password`, `nickname`, `phone`, `status`, `create_time`, `icon`, `gender`, `birthday`, `city`, `job`, `personalized_signature`, `source_type`, `integration`, `growth`, `luckey_count`, `history_integration`) VALUES (3, 4, 'windy', '$2a$10$NZ5o7r2E.ayT2ZoxgjlI.eJ6OEYqjH7INR/F.mXDbjZJi9HF0YCVG', 'windy', '18061581848', 1, '2018-08-03 16:46:38', NULL, NULL, NULL, NULL, NULL, NULL, NULL, NULL, NULL, NULL, NULL);
INSERT INTO `ums_member` (`id`, `member_level_id`, `username`, `password`, `nickname`, `phone`, `status`, `create_time`, `icon`, `gender`, `birthday`, `city`, `job`, `personalized_signature`, `source_type`, `integration`, `growth`, `luckey_count`, `history_integration`) VALUES (4, 4, 'zhengsan', '$2a$10$NZ5o7r2E.ayT2ZoxgjlI.eJ6OEYqjH7INR/F.mXDbjZJi9HF0YCVG', 'zhengsan', '18061581847', 1, '2018-11-12 14:12:04', NULL, NULL, NULL, NULL, NULL, NULL, NULL, NULL, NULL, NULL, NULL);
INSERT INTO `ums_member` (`id`, `member_level_id`, `username`, `password`, `nickname`, `phone`, `status`, `create_time`, `icon`, `gender`, `birthday`, `city`, `job`, `personalized_signature`, `source_type`, `integration`, `growth`, `luckey_count`, `history_integration`) VALUES (5, 4, 'lisi', '$2a$10$NZ5o7r2E.ayT2ZoxgjlI.eJ6OEYqjH7INR/F.mXDbjZJi9HF0YCVG', 'lisi', '18061581841', 1, '2018-11-12 14:12:38', NULL, NULL, NULL, NULL, NULL, NULL, NULL, NULL, NULL, NULL, NULL);
INSERT INTO `ums_member` (`id`, `member_level_id`, `username`, `password`, `nickname`, `phone`, `status`, `create_time`, `icon`, `gender`, `birthday`, `city`, `job`, `personalized_signature`, `source_type`, `integration`, `growth`, `luckey_count`, `history_integration`) VALUES (6, 4, 'wangwu', '$2a$10$NZ5o7r2E.ayT2ZoxgjlI.eJ6OEYqjH7INR/F.mXDbjZJi9HF0YCVG', 'wangwu', '18061581842', 1, '2018-11-12 14:13:09', NULL, NULL, NULL, NULL, NULL, NULL, NULL, NULL, NULL, NULL, NULL);
INSERT INTO `ums_member` (`id`, `member_level_id`, `username`, `password`, `nickname`, `phone`, `status`, `create_time`, `icon`, `gender`, `birthday`, `city`, `job`, `personalized_signature`, `source_type`, `integration`, `growth`, `luckey_count`, `history_integration`) VALUES (7, 4, 'lion', '$2a$10$NZ5o7r2E.ayT2ZoxgjlI.eJ6OEYqjH7INR/F.mXDbjZJi9HF0YCVG', 'lion', '18061581845', 1, '2018-11-12 14:21:39', NULL, NULL, NULL, NULL, NULL, NULL, NULL, NULL, NULL, NULL, NULL);
INSERT INTO `ums_member` (`id`, `member_level_id`, `username`, `password`, `nickname`, `phone`, `status`, `create_time`, `icon`, `gender`, `birthday`, `city`, `job`, `personalized_signature`, `source_type`, `integration`, `growth`, `luckey_count`, `history_integration`) VALUES (8, 4, 'shari', '$2a$10$NZ5o7r2E.ayT2ZoxgjlI.eJ6OEYqjH7INR/F.mXDbjZJi9HF0YCVG', 'shari', '18061581844', 1, '2018-11-12 14:22:00', NULL, NULL, NULL, NULL, NULL, NULL, NULL, NULL, NULL, NULL, NULL);
INSERT INTO `ums_member` (`id`, `member_level_id`, `username`, `password`, `nickname`, `phone`, `status`, `create_time`, `icon`, `gender`, `birthday`, `city`, `job`, `personalized_signature`, `source_type`, `integration`, `growth`, `luckey_count`, `history_integration`) VALUES (9, 4, 'aewen', '$2a$10$NZ5o7r2E.ayT2ZoxgjlI.eJ6OEYqjH7INR/F.mXDbjZJi9HF0YCVG', 'aewen', '18061581843', 1, '2018-11-12 14:22:55', NULL, NULL, NULL, NULL, NULL, NULL, NULL, NULL, NULL, NULL, NULL);
INSERT INTO `ums_member` (`id`, `member_level_id`, `username`, `password`, `nickname`, `phone`, `status`, `create_time`, `icon`, `gender`, `birthday`, `city`, `job`, `personalized_signature`, `source_type`, `integration`, `growth`, `luckey_count`, `history_integration`) VALUES (10, 4, 'guest', '$2a$10$WQiD4RzEs1iJVWU.2HVu8OdSlExJHWKmwndaw3SUfMyqfKZmXe1vq', NULL, '18911111111', 1, '2020-03-14 14:52:18', NULL, NULL, NULL, NULL, NULL, NULL, NULL, NULL, NULL, NULL, NULL);
INSERT INTO `ums_member` (`id`, `member_level_id`, `username`, `password`, `nickname`, `phone`, `status`, `create_time`, `icon`, `gender`, `birthday`, `city`, `job`, `personalized_signature`, `source_type`, `integration`, `growth`, `luckey_count`, `history_integration`) VALUES (11, 4, 'member', '$2a$10$Q08uzqvtPj61NnpYQZsVvOnyilJ3AU4VdngAcJFGvPhEeqhhC.hhS', 'member', '18961511111', 1, '2023-05-11 15:22:38', 'https://macro-oss.oss-cn-shenzhen.aliyuncs.com/mall/icon/github_icon_02.png', 1, '2009-06-01', '上海', '学生', 'member', NULL, 5000, 1000, NULL, NULL);
INSERT INTO `ums_member_level` (`id`, `name`, `growth_point`, `default_status`, `free_freight_point`, `comment_growth_point`, `priviledge_free_freight`, `priviledge_sign_in`, `priviledge_comment`, `priviledge_promotion`, `priviledge_member_price`, `priviledge_birthday`, `note`) VALUES (1, '黄金会员', 1000, 0, 199.00, 5, 1, 1, 1, 1, 1, 1, NULL);
INSERT INTO `ums_member_level` (`id`, `name`, `growth_point`, `default_status`, `free_freight_point`, `comment_growth_point`, `priviledge_free_freight`, `priviledge_sign_in`, `priviledge_comment`, `priviledge_promotion`, `priviledge_member_price`, `priviledge_birthday`, `note`) VALUES (2, '白金会员', 5000, 0, 99.00, 10, 1, 1, 1, 1, 1, 1, NULL);
INSERT INTO `ums_member_level` (`id`, `name`, `growth_point`, `default_status`, `free_freight_point`, `comment_growth_point`, `priviledge_free_freight`, `priviledge_sign_in`, `priviledge_comment`, `priviledge_promotion`, `priviledge_member_price`, `priviledge_birthday`, `note`) VALUES (3, '钻石会员', 15000, 0, 69.00, 15, 1, 1, 1, 1, 1, 1, NULL);
INSERT INTO `ums_member_level` (`id`, `name`, `growth_point`, `default_status`, `free_freight_point`, `comment_growth_point`, `priviledge_free_freight`, `priviledge_sign_in`, `priviledge_comment`, `priviledge_promotion`, `priviledge_member_price`, `priviledge_birthday`, `note`) VALUES (4, '普通会员', 1, 1, 199.00, 20, 1, 1, 1, 1, 0, 0, NULL);
INSERT INTO `ums_member_receive_address` (`id`, `member_id`, `name`, `phone_number`, `default_status`, `post_code`, `province`, `city`, `region`, `detail_address`) VALUES (1, 1, '大梨', '18033441849', 0, '518000', '广东省', '深圳市', '南山区', '科兴科学园');
INSERT INTO `ums_member_receive_address` (`id`, `member_id`, `name`, `phone_number`, `default_status`, `post_code`, `province`, `city`, `region`, `detail_address`) VALUES (3, 1, '大梨', '18033441849', 0, '518000', '广东省', '深圳市', '福田区', '清水河街道');
INSERT INTO `ums_member_receive_address` (`id`, `member_id`, `name`, `phone_number`, `default_status`, `post_code`, `province`, `city`, `region`, `detail_address`) VALUES (4, 1, '大梨', '18033441849', 1, '518000', '广东省', '深圳市', '福田区', '东晓街道');
INSERT INTO `ums_member_receive_address` (`id`, `member_id`, `name`, `phone_number`, `default_status`, `post_code`, `province`, `city`, `region`, `detail_address`) VALUES (5, 11, '小李', '18961511111', 1, '518000', '广东省', '深圳市', '福田区', '东晓街道');
INSERT INTO `ums_member_receive_address` (`id`, `member_id`, `name`, `phone_number`, `default_status`, `post_code`, `province`, `city`, `region`, `detail_address`) VALUES (6, 11, '小李', '18961511111', NULL, '518000', '广东省', '深圳市', '福田区', '清水河街道');
INSERT INTO `ums_menu` (`id`, `parent_id`, `create_time`, `title`, `level`, `sort`, `name`, `icon`, `hidden`) VALUES (1, 0, '2020-02-02 14:50:36', '商品', 0, 0, 'pms', 'product', 0);
INSERT INTO `ums_menu` (`id`, `parent_id`, `create_time`, `title`, `level`, `sort`, `name`, `icon`, `hidden`) VALUES (2, 1, '2020-02-02 14:51:50', '商品列表', 1, 0, 'product', 'product-list', 0);
INSERT INTO `ums_menu` (`id`, `parent_id`, `create_time`, `title`, `level`, `sort`, `name`, `icon`, `hidden`) VALUES (3, 1, '2020-02-02 14:52:44', '添加商品', 1, 0, 'addProduct', 'product-add', 0);
INSERT INTO `ums_menu` (`id`, `parent_id`, `create_time`, `title`, `level`, `sort`, `name`, `icon`, `hidden`) VALUES (4, 1, '2020-02-02 14:53:51', '商品分类', 1, 0, 'productCate', 'product-cate', 0);
INSERT INTO `ums_menu` (`id`, `parent_id`, `create_time`, `title`, `level`, `sort`, `name`, `icon`, `hidden`) VALUES (5, 1, '2020-02-02 14:54:51', '商品类型', 1, 0, 'productAttr', 'product-attr', 0);
INSERT INTO `ums_menu` (`id`, `parent_id`, `create_time`, `title`, `level`, `sort`, `name`, `icon`, `hidden`) VALUES (6, 1, '2020-02-02 14:56:29', '品牌管理', 1, 0, 'brand', 'product-brand', 0);
INSERT INTO `ums_menu` (`id`, `parent_id`, `create_time`, `title`, `level`, `sort`, `name`, `icon`, `hidden`) VALUES (7, 0, '2020-02-02 16:54:07', '订单', 0, 0, 'oms', 'order', 0);
INSERT INTO `ums_menu` (`id`, `parent_id`, `create_time`, `title`, `level`, `sort`, `name`, `icon`, `hidden`) VALUES (8, 7, '2020-02-02 16:55:18', '订单列表', 1, 0, 'order', 'product-list', 0);
INSERT INTO `ums_menu` (`id`, `parent_id`, `create_time`, `title`, `level`, `sort`, `name`, `icon`, `hidden`) VALUES (9, 7, '2020-02-02 16:56:46', '订单设置', 1, 0, 'orderSetting', 'order-setting', 0);
INSERT INTO `ums_menu` (`id`, `parent_id`, `create_time`, `title`, `level`, `sort`, `name`, `icon`, `hidden`) VALUES (10, 7, '2020-02-02 16:57:39', '退货申请处理', 1, 0, 'returnApply', 'order-return', 0);
INSERT INTO `ums_menu` (`id`, `parent_id`, `create_time`, `title`, `level`, `sort`, `name`, `icon`, `hidden`) VALUES (11, 7, '2020-02-02 16:59:40', '退货原因设置', 1, 0, 'returnReason', 'order-return-reason', 0);
INSERT INTO `ums_menu` (`id`, `parent_id`, `create_time`, `title`, `level`, `sort`, `name`, `icon`, `hidden`) VALUES (12, 0, '2020-02-04 16:18:00', '营销', 0, 0, 'sms', 'sms', 0);
INSERT INTO `ums_menu` (`id`, `parent_id`, `create_time`, `title`, `level`, `sort`, `name`, `icon`, `hidden`) VALUES (13, 12, '2020-02-04 16:19:22', '秒杀活动列表', 1, 0, 'flash', 'sms-flash', 0);
INSERT INTO `ums_menu` (`id`, `parent_id`, `create_time`, `title`, `level`, `sort`, `name`, `icon`, `hidden`) VALUES (14, 12, '2020-02-04 16:20:16', '优惠券列表', 1, 0, 'coupon', 'sms-coupon', 0);
INSERT INTO `ums_menu` (`id`, `parent_id`, `create_time`, `title`, `level`, `sort`, `name`, `icon`, `hidden`) VALUES (16, 12, '2020-02-07 16:22:38', '品牌推荐', 1, 0, 'homeBrand', 'product-brand', 0);
INSERT INTO `ums_menu` (`id`, `parent_id`, `create_time`, `title`, `level`, `sort`, `name`, `icon`, `hidden`) VALUES (17, 12, '2020-02-07 16:23:14', '新品推荐', 1, 0, 'homeNew', 'sms-new', 0);
INSERT INTO `ums_menu` (`id`, `parent_id`, `create_time`, `title`, `level`, `sort`, `name`, `icon`, `hidden`) VALUES (18, 12, '2020-02-07 16:26:38', '人气推荐', 1, 0, 'homeHot', 'sms-hot', 0);
INSERT INTO `ums_menu` (`id`, `parent_id`, `create_time`, `title`, `level`, `sort`, `name`, `icon`, `hidden`) VALUES (19, 12, '2020-02-07 16:28:16', '专题推荐', 1, 0, 'homeSubject', 'sms-subject', 0);
INSERT INTO `ums_menu` (`id`, `parent_id`, `create_time`, `title`, `level`, `sort`, `name`, `icon`, `hidden`) VALUES (20, 12, '2020-02-07 16:28:42', '广告列表', 1, 0, 'homeAdvertise', 'sms-ad', 0);
INSERT INTO `ums_menu` (`id`, `parent_id`, `create_time`, `title`, `level`, `sort`, `name`, `icon`, `hidden`) VALUES (21, 0, '2020-02-07 16:29:13', '权限', 0, 0, 'ums', 'ums', 0);
INSERT INTO `ums_menu` (`id`, `parent_id`, `create_time`, `title`, `level`, `sort`, `name`, `icon`, `hidden`) VALUES (22, 21, '2020-02-07 16:29:51', '用户列表', 1, 0, 'admin', 'ums-admin', 0);
INSERT INTO `ums_menu` (`id`, `parent_id`, `create_time`, `title`, `level`, `sort`, `name`, `icon`, `hidden`) VALUES (23, 21, '2020-02-07 16:30:13', '角色列表', 1, 0, 'role', 'ums-role', 0);
INSERT INTO `ums_menu` (`id`, `parent_id`, `create_time`, `title`, `level`, `sort`, `name`, `icon`, `hidden`) VALUES (24, 21, '2020-02-07 16:30:53', '菜单列表', 1, 0, 'menu', 'ums-menu', 0);
INSERT INTO `ums_menu` (`id`, `parent_id`, `create_time`, `title`, `level`, `sort`, `name`, `icon`, `hidden`) VALUES (25, 21, '2020-02-07 16:31:13', '资源列表', 1, 0, 'resource', 'ums-resource', 0);
INSERT INTO `ums_menu` (`id`, `parent_id`, `create_time`, `title`, `level`, `sort`, `name`, `icon`, `hidden`) VALUES (26, 7, '2025-03-19 17:06:26', '备货', 1, 0, 'prepareProduct', 'product-list', 0);
INSERT INTO `ums_permission` (`id`, `pid`, `name`, `value`, `icon`, `type`, `uri`, `status`, `create_time`, `sort`) VALUES (1, 0, '商品', NULL, NULL, 0, NULL, 1, '2018-09-29 16:15:14', 0);
INSERT INTO `ums_permission` (`id`, `pid`, `name`, `value`, `icon`, `type`, `uri`, `status`, `create_time`, `sort`) VALUES (2, 1, '商品列表', 'pms:product:read', NULL, 1, '/pms/product/index', 1, '2018-09-29 16:17:01', 0);
INSERT INTO `ums_permission` (`id`, `pid`, `name`, `value`, `icon`, `type`, `uri`, `status`, `create_time`, `sort`) VALUES (3, 1, '添加商品', 'pms:product:create', NULL, 1, '/pms/product/add', 1, '2018-09-29 16:18:51', 0);
INSERT INTO `ums_permission` (`id`, `pid`, `name`, `value`, `icon`, `type`, `uri`, `status`, `create_time`, `sort`) VALUES (4, 1, '商品分类', 'pms:productCategory:read', NULL, 1, '/pms/productCate/index', 1, '2018-09-29 16:23:07', 0);
INSERT INTO `ums_permission` (`id`, `pid`, `name`, `value`, `icon`, `type`, `uri`, `status`, `create_time`, `sort`) VALUES (5, 1, '商品类型', 'pms:productAttribute:read', NULL, 1, '/pms/productAttr/index', 1, '2018-09-29 16:24:43', 0);
INSERT INTO `ums_permission` (`id`, `pid`, `name`, `value`, `icon`, `type`, `uri`, `status`, `create_time`, `sort`) VALUES (6, 1, '品牌管理', 'pms:brand:read', NULL, 1, '/pms/brand/index', 1, '2018-09-29 16:25:45', 0);
INSERT INTO `ums_permission` (`id`, `pid`, `name`, `value`, `icon`, `type`, `uri`, `status`, `create_time`, `sort`) VALUES (7, 2, '编辑商品', 'pms:product:update', NULL, 2, '/pms/product/updateProduct', 1, '2018-09-29 16:34:23', 0);
INSERT INTO `ums_permission` (`id`, `pid`, `name`, `value`, `icon`, `type`, `uri`, `status`, `create_time`, `sort`) VALUES (8, 2, '删除商品', 'pms:product:delete', NULL, 2, '/pms/product/delete', 1, '2018-09-29 16:38:33', 0);
INSERT INTO `ums_permission` (`id`, `pid`, `name`, `value`, `icon`, `type`, `uri`, `status`, `create_time`, `sort`) VALUES (9, 4, '添加商品分类', 'pms:productCategory:create', NULL, 2, '/pms/productCate/create', 1, '2018-09-29 16:43:23', 0);
INSERT INTO `ums_permission` (`id`, `pid`, `name`, `value`, `icon`, `type`, `uri`, `status`, `create_time`, `sort`) VALUES (10, 4, '修改商品分类', 'pms:productCategory:update', NULL, 2, '/pms/productCate/update', 1, '2018-09-29 16:43:55', 0);
INSERT INTO `ums_permission` (`id`, `pid`, `name`, `value`, `icon`, `type`, `uri`, `status`, `create_time`, `sort`) VALUES (11, 4, '删除商品分类', 'pms:productCategory:delete', NULL, 2, '/pms/productAttr/delete', 1, '2018-09-29 16:44:38', 0);
INSERT INTO `ums_permission` (`id`, `pid`, `name`, `value`, `icon`, `type`, `uri`, `status`, `create_time`, `sort`) VALUES (12, 5, '添加商品类型', 'pms:productAttribute:create', NULL, 2, '/pms/productAttr/create', 1, '2018-09-29 16:45:25', 0);
INSERT INTO `ums_permission` (`id`, `pid`, `name`, `value`, `icon`, `type`, `uri`, `status`, `create_time`, `sort`) VALUES (13, 5, '修改商品类型', 'pms:productAttribute:update', NULL, 2, '/pms/productAttr/update', 1, '2018-09-29 16:48:08', 0);
INSERT INTO `ums_permission` (`id`, `pid`, `name`, `value`, `icon`, `type`, `uri`, `status`, `create_time`, `sort`) VALUES (14, 5, '删除商品类型', 'pms:productAttribute:delete', NULL, 2, '/pms/productAttr/delete', 1, '2018-09-29 16:48:44', 0);
INSERT INTO `ums_permission` (`id`, `pid`, `name`, `value`, `icon`, `type`, `uri`, `status`, `create_time`, `sort`) VALUES (15, 6, '添加品牌', 'pms:brand:create', NULL, 2, '/pms/brand/add', 1, '2018-09-29 16:49:34', 0);
INSERT INTO `ums_permission` (`id`, `pid`, `name`, `value`, `icon`, `type`, `uri`, `status`, `create_time`, `sort`) VALUES (16, 6, '修改品牌', 'pms:brand:update', NULL, 2, '/pms/brand/update', 1, '2018-09-29 16:50:55', 0);
INSERT INTO `ums_permission` (`id`, `pid`, `name`, `value`, `icon`, `type`, `uri`, `status`, `create_time`, `sort`) VALUES (17, 6, '删除品牌', 'pms:brand:delete', NULL, 2, '/pms/brand/delete', 1, '2018-09-29 16:50:59', 0);
INSERT INTO `ums_permission` (`id`, `pid`, `name`, `value`, `icon`, `type`, `uri`, `status`, `create_time`, `sort`) VALUES (18, 0, '首页', NULL, NULL, 0, NULL, 1, '2018-09-29 16:51:57', 0);
INSERT INTO `ums_resource` (`id`, `create_time`, `name`, `url`, `description`, `category_id`) VALUES (1, '2020-02-04 17:04:55', '商品品牌管理', '/brand/**', NULL, 1);
INSERT INTO `ums_resource` (`id`, `create_time`, `name`, `url`, `description`, `category_id`) VALUES (2, '2020-02-04 17:05:35', '商品属性分类管理', '/productAttribute/category/**', NULL, 1);
INSERT INTO `ums_resource` (`id`, `create_time`, `name`, `url`, `description`, `category_id`) VALUES (3, '2020-02-04 17:06:13', '商品属性管理', '/productAttribute/**', NULL, 1);
INSERT INTO `ums_resource` (`id`, `create_time`, `name`, `url`, `description`, `category_id`) VALUES (4, '2020-02-04 17:07:15', '商品分类管理', '/productCategory/**', NULL, 1);
INSERT INTO `ums_resource` (`id`, `create_time`, `name`, `url`, `description`, `category_id`) VALUES (5, '2020-02-04 17:09:16', '商品管理', '/product/**', NULL, 1);
INSERT INTO `ums_resource` (`id`, `create_time`, `name`, `url`, `description`, `category_id`) VALUES (6, '2020-02-04 17:09:53', '商品库存管理', '/sku/**', NULL, 1);
INSERT INTO `ums_resource` (`id`, `create_time`, `name`, `url`, `description`, `category_id`) VALUES (8, '2020-02-05 14:43:37', '订单管理', '/order/**', '', 2);
INSERT INTO `ums_resource` (`id`, `create_time`, `name`, `url`, `description`, `category_id`) VALUES (9, '2020-02-05 14:44:22', ' 订单退货申请管理', '/returnApply/**', '', 2);
INSERT INTO `ums_resource` (`id`, `create_time`, `name`, `url`, `description`, `category_id`) VALUES (10, '2020-02-05 14:45:08', '退货原因管理', '/returnReason/**', '', 2);
INSERT INTO `ums_resource` (`id`, `create_time`, `name`, `url`, `description`, `category_id`) VALUES (11, '2020-02-05 14:45:43', '订单设置管理', '/orderSetting/**', '', 2);
INSERT INTO `ums_resource` (`id`, `create_time`, `name`, `url`, `description`, `category_id`) VALUES (12, '2020-02-05 14:46:23', '收货地址管理', '/companyAddress/**', '', 2);
INSERT INTO `ums_resource` (`id`, `create_time`, `name`, `url`, `description`, `category_id`) VALUES (13, '2020-02-07 16:37:22', '优惠券管理', '/coupon/**', '', 3);
INSERT INTO `ums_resource` (`id`, `create_time`, `name`, `url`, `description`, `category_id`) VALUES (14, '2020-02-07 16:37:59', '优惠券领取记录管理', '/couponHistory/**', '', 3);
INSERT INTO `ums_resource` (`id`, `create_time`, `name`, `url`, `description`, `category_id`) VALUES (15, '2020-02-07 16:38:28', '限时购活动管理', '/flash/**', '', 3);
INSERT INTO `ums_resource` (`id`, `create_time`, `name`, `url`, `description`, `category_id`) VALUES (16, '2020-02-07 16:38:59', '限时购商品关系管理', '/flashProductRelation/**', '', 3);
INSERT INTO `ums_resource` (`id`, `create_time`, `name`, `url`, `description`, `category_id`) VALUES (17, '2020-02-07 16:39:22', '限时购场次管理', '/flashSession/**', '', 3);
INSERT INTO `ums_resource` (`id`, `create_time`, `name`, `url`, `description`, `category_id`) VALUES (18, '2020-02-07 16:40:07', '首页轮播广告管理', '/home/advertise/**', '', 3);
INSERT INTO `ums_resource` (`id`, `create_time`, `name`, `url`, `description`, `category_id`) VALUES (19, '2020-02-07 16:40:34', '首页品牌管理', '/home/brand/**', '', 3);
INSERT INTO `ums_resource` (`id`, `create_time`, `name`, `url`, `description`, `category_id`) VALUES (20, '2020-02-07 16:41:06', '首页新品管理', '/home/newProduct/**', '', 3);
INSERT INTO `ums_resource` (`id`, `create_time`, `name`, `url`, `description`, `category_id`) VALUES (21, '2020-02-07 16:42:16', '首页人气推荐管理', '/home/recommendProduct/**', '', 3);
INSERT INTO `ums_resource` (`id`, `create_time`, `name`, `url`, `description`, `category_id`) VALUES (22, '2020-02-07 16:42:48', '首页专题推荐管理', '/home/recommendSubject/**', '', 3);
INSERT INTO `ums_resource` (`id`, `create_time`, `name`, `url`, `description`, `category_id`) VALUES (23, '2020-02-07 16:44:56', ' 商品优选管理', '/prefrenceArea/**', '', 5);
INSERT INTO `ums_resource` (`id`, `create_time`, `name`, `url`, `description`, `category_id`) VALUES (24, '2020-02-07 16:45:39', '商品专题管理', '/subject/**', '', 5);
INSERT INTO `ums_resource` (`id`, `create_time`, `name`, `url`, `description`, `category_id`) VALUES (25, '2020-02-07 16:47:34', '后台用户管理', '/admin/**', '', 4);
INSERT INTO `ums_resource` (`id`, `create_time`, `name`, `url`, `description`, `category_id`) VALUES (26, '2020-02-07 16:48:24', '后台用户角色管理', '/role/**', '', 4);
INSERT INTO `ums_resource` (`id`, `create_time`, `name`, `url`, `description`, `category_id`) VALUES (27, '2020-02-07 16:48:48', '后台菜单管理', '/menu/**', '', 4);
INSERT INTO `ums_resource` (`id`, `create_time`, `name`, `url`, `description`, `category_id`) VALUES (28, '2020-02-07 16:49:18', '后台资源分类管理', '/resourceCategory/**', '', 4);
INSERT INTO `ums_resource` (`id`, `create_time`, `name`, `url`, `description`, `category_id`) VALUES (29, '2020-02-07 16:49:45', '后台资源管理', '/resource/**', '', 4);
INSERT INTO `ums_resource` (`id`, `create_time`, `name`, `url`, `description`, `category_id`) VALUES (30, '2020-09-19 15:47:57', '会员等级管理', '/memberLevel/**', '', 7);
INSERT INTO `ums_resource` (`id`, `create_time`, `name`, `url`, `description`, `category_id`) VALUES (31, '2020-09-19 15:51:29', '获取登录用户信息', '/admin/info', '用户登录必配', 4);
INSERT INTO `ums_resource` (`id`, `create_time`, `name`, `url`, `description`, `category_id`) VALUES (32, '2020-09-19 15:53:34', '用户登出', '/admin/logout', '用户登出必配', 4);
INSERT INTO `ums_resource_category` (`id`, `create_time`, `name`, `sort`) VALUES (1, '2020-02-05 10:21:44', '商品模块', 0);
INSERT INTO `ums_resource_category` (`id`, `create_time`, `name`, `sort`) VALUES (2, '2020-02-05 10:22:34', '订单模块', 0);
INSERT INTO `ums_resource_category` (`id`, `create_time`, `name`, `sort`) VALUES (3, '2020-02-05 10:22:48', '营销模块', 0);
INSERT INTO `ums_resource_category` (`id`, `create_time`, `name`, `sort`) VALUES (4, '2020-02-05 10:23:04', '权限模块', 0);
INSERT INTO `ums_resource_category` (`id`, `create_time`, `name`, `sort`) VALUES (5, '2020-02-07 16:34:27', '内容模块', 0);
INSERT INTO `ums_resource_category` (`id`, `create_time`, `name`, `sort`) VALUES (7, '2020-09-19 15:49:08', '其他模块', 0);
INSERT INTO `ums_role` (`id`, `name`, `description`, `admin_count`, `create_time`, `status`, `sort`) VALUES (1, '商品管理员', '只能查看及操作商品', 0, '2020-02-03 16:50:37', 1, 0);
INSERT INTO `ums_role` (`id`, `name`, `description`, `admin_count`, `create_time`, `status`, `sort`) VALUES (2, '订单管理员', '只能查看及操作订单', 0, '2018-09-30 15:53:45', 1, 0);
INSERT INTO `ums_role` (`id`, `name`, `description`, `admin_count`, `create_time`, `status`, `sort`) VALUES (5, '超级管理员', '拥有所有查看和操作功能', 0, '2020-02-02 15:11:05', 1, 0);
INSERT INTO `ums_role` (`id`, `name`, `description`, `admin_count`, `create_time`, `status`, `sort`) VALUES (6, '零售商', NULL, NULL, NULL, 1, 0);
INSERT INTO `ums_role` (`id`, `name`, `description`, `admin_count`, `create_time`, `status`, `sort`) VALUES (7, '供货商', NULL, NULL, NULL, 1, 0);
INSERT INTO `ums_role` (`id`, `name`, `description`, `admin_count`, `create_time`, `status`, `sort`) VALUES (8, '三方物流', NULL, NULL, NULL, 1, 0);
INSERT INTO `ums_role` (`id`, `name`, `description`, `admin_count`, `create_time`, `status`, `sort`) VALUES (9, '快递转发', NULL, NULL, NULL, 1, 0);
INSERT INTO `ums_role_menu_relation` (`id`, `role_id`, `menu_id`) VALUES (53, 2, 7);
INSERT INTO `ums_role_menu_relation` (`id`, `role_id`, `menu_id`) VALUES (54, 2, 8);
INSERT INTO `ums_role_menu_relation` (`id`, `role_id`, `menu_id`) VALUES (55, 2, 9);
INSERT INTO `ums_role_menu_relation` (`id`, `role_id`, `menu_id`) VALUES (56, 2, 10);
INSERT INTO `ums_role_menu_relation` (`id`, `role_id`, `menu_id`) VALUES (57, 2, 11);
INSERT INTO `ums_role_menu_relation` (`id`, `role_id`, `menu_id`) VALUES (121, 1, 1);
INSERT INTO `ums_role_menu_relation` (`id`, `role_id`, `menu_id`) VALUES (122, 1, 2);
INSERT INTO `ums_role_menu_relation` (`id`, `role_id`, `menu_id`) VALUES (123, 1, 3);
INSERT INTO `ums_role_menu_relation` (`id`, `role_id`, `menu_id`) VALUES (124, 1, 4);
INSERT INTO `ums_role_menu_relation` (`id`, `role_id`, `menu_id`) VALUES (125, 1, 5);
INSERT INTO `ums_role_menu_relation` (`id`, `role_id`, `menu_id`) VALUES (126, 1, 6);
INSERT INTO `ums_role_menu_relation` (`id`, `role_id`, `menu_id`) VALUES (127, 2, 22);
INSERT INTO `ums_role_menu_relation` (`id`, `role_id`, `menu_id`) VALUES (128, 2, 23);
INSERT INTO `ums_role_menu_relation` (`id`, `role_id`, `menu_id`) VALUES (129, 6, 1);
INSERT INTO `ums_role_menu_relation` (`id`, `role_id`, `menu_id`) VALUES (130, 6, 2);
INSERT INTO `ums_role_menu_relation` (`id`, `role_id`, `menu_id`) VALUES (131, 6, 3);
INSERT INTO `ums_role_menu_relation` (`id`, `role_id`, `menu_id`) VALUES (132, 6, 4);
INSERT INTO `ums_role_menu_relation` (`id`, `role_id`, `menu_id`) VALUES (133, 6, 5);
INSERT INTO `ums_role_menu_relation` (`id`, `role_id`, `menu_id`) VALUES (134, 6, 6);
INSERT INTO `ums_role_menu_relation` (`id`, `role_id`, `menu_id`) VALUES (135, 6, 7);
INSERT INTO `ums_role_menu_relation` (`id`, `role_id`, `menu_id`) VALUES (136, 6, 8);
INSERT INTO `ums_role_menu_relation` (`id`, `role_id`, `menu_id`) VALUES (137, 6, 9);
INSERT INTO `ums_role_menu_relation` (`id`, `role_id`, `menu_id`) VALUES (138, 6, 10);
INSERT INTO `ums_role_menu_relation` (`id`, `role_id`, `menu_id`) VALUES (139, 6, 11);
INSERT INTO `ums_role_menu_relation` (`id`, `role_id`, `menu_id`) VALUES (140, 6, 12);
INSERT INTO `ums_role_menu_relation` (`id`, `role_id`, `menu_id`) VALUES (141, 6, 13);
INSERT INTO `ums_role_menu_relation` (`id`, `role_id`, `menu_id`) VALUES (142, 6, 14);
INSERT INTO `ums_role_menu_relation` (`id`, `role_id`, `menu_id`) VALUES (143, 6, 15);
INSERT INTO `ums_role_menu_relation` (`id`, `role_id`, `menu_id`) VALUES (144, 6, 16);
INSERT INTO `ums_role_menu_relation` (`id`, `role_id`, `menu_id`) VALUES (145, 6, 17);
INSERT INTO `ums_role_menu_relation` (`id`, `role_id`, `menu_id`) VALUES (146, 6, 18);
INSERT INTO `ums_role_menu_relation` (`id`, `role_id`, `menu_id`) VALUES (147, 6, 19);
INSERT INTO `ums_role_menu_relation` (`id`, `role_id`, `menu_id`) VALUES (148, 6, 20);
INSERT INTO `ums_role_menu_relation` (`id`, `role_id`, `menu_id`) VALUES (149, 6, 21);
INSERT INTO `ums_role_menu_relation` (`id`, `role_id`, `menu_id`) VALUES (150, 6, 22);
INSERT INTO `ums_role_menu_relation` (`id`, `role_id`, `menu_id`) VALUES (151, 6, 23);
INSERT INTO `ums_role_menu_relation` (`id`, `role_id`, `menu_id`) VALUES (152, 6, 24);
INSERT INTO `ums_role_menu_relation` (`id`, `role_id`, `menu_id`) VALUES (153, 8, 1);
INSERT INTO `ums_role_menu_relation` (`id`, `role_id`, `menu_id`) VALUES (154, 8, 2);
INSERT INTO `ums_role_menu_relation` (`id`, `role_id`, `menu_id`) VALUES (155, 8, 3);
INSERT INTO `ums_role_menu_relation` (`id`, `role_id`, `menu_id`) VALUES (156, 8, 4);
INSERT INTO `ums_role_menu_relation` (`id`, `role_id`, `menu_id`) VALUES (157, 8, 5);
INSERT INTO `ums_role_menu_relation` (`id`, `role_id`, `menu_id`) VALUES (158, 8, 6);
INSERT INTO `ums_role_menu_relation` (`id`, `role_id`, `menu_id`) VALUES (159, 8, 7);
INSERT INTO `ums_role_menu_relation` (`id`, `role_id`, `menu_id`) VALUES (160, 8, 8);
INSERT INTO `ums_role_menu_relation` (`id`, `role_id`, `menu_id`) VALUES (161, 8, 9);
INSERT INTO `ums_role_menu_relation` (`id`, `role_id`, `menu_id`) VALUES (162, 8, 10);
INSERT INTO `ums_role_menu_relation` (`id`, `role_id`, `menu_id`) VALUES (163, 8, 11);
INSERT INTO `ums_role_menu_relation` (`id`, `role_id`, `menu_id`) VALUES (164, 8, 12);
INSERT INTO `ums_role_menu_relation` (`id`, `role_id`, `menu_id`) VALUES (165, 8, 13);
INSERT INTO `ums_role_menu_relation` (`id`, `role_id`, `menu_id`) VALUES (166, 8, 14);
INSERT INTO `ums_role_menu_relation` (`id`, `role_id`, `menu_id`) VALUES (167, 8, 15);
INSERT INTO `ums_role_menu_relation` (`id`, `role_id`, `menu_id`) VALUES (168, 8, 16);
INSERT INTO `ums_role_menu_relation` (`id`, `role_id`, `menu_id`) VALUES (169, 8, 17);
INSERT INTO `ums_role_menu_relation` (`id`, `role_id`, `menu_id`) VALUES (170, 8, 18);
INSERT INTO `ums_role_menu_relation` (`id`, `role_id`, `menu_id`) VALUES (171, 8, 19);
INSERT INTO `ums_role_menu_relation` (`id`, `role_id`, `menu_id`) VALUES (172, 8, 20);
INSERT INTO `ums_role_menu_relation` (`id`, `role_id`, `menu_id`) VALUES (173, 8, 21);
INSERT INTO `ums_role_menu_relation` (`id`, `role_id`, `menu_id`) VALUES (174, 8, 22);
INSERT INTO `ums_role_menu_relation` (`id`, `role_id`, `menu_id`) VALUES (175, 8, 23);
INSERT INTO `ums_role_menu_relation` (`id`, `role_id`, `menu_id`) VALUES (176, 8, 24);
INSERT INTO `ums_role_menu_relation` (`id`, `role_id`, `menu_id`) VALUES (202, 7, 1);
INSERT INTO `ums_role_menu_relation` (`id`, `role_id`, `menu_id`) VALUES (203, 7, 2);
INSERT INTO `ums_role_menu_relation` (`id`, `role_id`, `menu_id`) VALUES (204, 7, 3);
INSERT INTO `ums_role_menu_relation` (`id`, `role_id`, `menu_id`) VALUES (205, 7, 4);
INSERT INTO `ums_role_menu_relation` (`id`, `role_id`, `menu_id`) VALUES (206, 7, 5);
INSERT INTO `ums_role_menu_relation` (`id`, `role_id`, `menu_id`) VALUES (207, 7, 6);
INSERT INTO `ums_role_menu_relation` (`id`, `role_id`, `menu_id`) VALUES (208, 7, 7);
INSERT INTO `ums_role_menu_relation` (`id`, `role_id`, `menu_id`) VALUES (209, 7, 8);
INSERT INTO `ums_role_menu_relation` (`id`, `role_id`, `menu_id`) VALUES (210, 7, 9);
INSERT INTO `ums_role_menu_relation` (`id`, `role_id`, `menu_id`) VALUES (211, 7, 10);
INSERT INTO `ums_role_menu_relation` (`id`, `role_id`, `menu_id`) VALUES (212, 7, 11);
INSERT INTO `ums_role_menu_relation` (`id`, `role_id`, `menu_id`) VALUES (213, 7, 26);
INSERT INTO `ums_role_menu_relation` (`id`, `role_id`, `menu_id`) VALUES (214, 7, 12);
INSERT INTO `ums_role_menu_relation` (`id`, `role_id`, `menu_id`) VALUES (215, 7, 13);
INSERT INTO `ums_role_menu_relation` (`id`, `role_id`, `menu_id`) VALUES (216, 7, 14);
INSERT INTO `ums_role_menu_relation` (`id`, `role_id`, `menu_id`) VALUES (217, 7, 16);
INSERT INTO `ums_role_menu_relation` (`id`, `role_id`, `menu_id`) VALUES (218, 7, 17);
INSERT INTO `ums_role_menu_relation` (`id`, `role_id`, `menu_id`) VALUES (219, 7, 18);
INSERT INTO `ums_role_menu_relation` (`id`, `role_id`, `menu_id`) VALUES (220, 7, 19);
INSERT INTO `ums_role_menu_relation` (`id`, `role_id`, `menu_id`) VALUES (221, 7, 20);
INSERT INTO `ums_role_menu_relation` (`id`, `role_id`, `menu_id`) VALUES (222, 7, 21);
INSERT INTO `ums_role_menu_relation` (`id`, `role_id`, `menu_id`) VALUES (223, 7, 22);
INSERT INTO `ums_role_menu_relation` (`id`, `role_id`, `menu_id`) VALUES (224, 7, 23);
INSERT INTO `ums_role_menu_relation` (`id`, `role_id`, `menu_id`) VALUES (225, 7, 24);
INSERT INTO `ums_role_menu_relation` (`id`, `role_id`, `menu_id`) VALUES (226, 7, 25);
INSERT INTO `ums_role_menu_relation` (`id`, `role_id`, `menu_id`) VALUES (227, 5, 1);
INSERT INTO `ums_role_menu_relation` (`id`, `role_id`, `menu_id`) VALUES (228, 5, 2);
INSERT INTO `ums_role_menu_relation` (`id`, `role_id`, `menu_id`) VALUES (229, 5, 3);
INSERT INTO `ums_role_menu_relation` (`id`, `role_id`, `menu_id`) VALUES (230, 5, 4);
INSERT INTO `ums_role_menu_relation` (`id`, `role_id`, `menu_id`) VALUES (231, 5, 5);
INSERT INTO `ums_role_menu_relation` (`id`, `role_id`, `menu_id`) VALUES (232, 5, 6);
INSERT INTO `ums_role_menu_relation` (`id`, `role_id`, `menu_id`) VALUES (233, 5, 7);
INSERT INTO `ums_role_menu_relation` (`id`, `role_id`, `menu_id`) VALUES (234, 5, 8);
INSERT INTO `ums_role_menu_relation` (`id`, `role_id`, `menu_id`) VALUES (235, 5, 9);
INSERT INTO `ums_role_menu_relation` (`id`, `role_id`, `menu_id`) VALUES (236, 5, 10);
INSERT INTO `ums_role_menu_relation` (`id`, `role_id`, `menu_id`) VALUES (237, 5, 11);
INSERT INTO `ums_role_menu_relation` (`id`, `role_id`, `menu_id`) VALUES (238, 5, 26);
INSERT INTO `ums_role_menu_relation` (`id`, `role_id`, `menu_id`) VALUES (239, 5, 12);
INSERT INTO `ums_role_menu_relation` (`id`, `role_id`, `menu_id`) VALUES (240, 5, 13);
INSERT INTO `ums_role_menu_relation` (`id`, `role_id`, `menu_id`) VALUES (241, 5, 14);
INSERT INTO `ums_role_menu_relation` (`id`, `role_id`, `menu_id`) VALUES (242, 5, 16);
INSERT INTO `ums_role_menu_relation` (`id`, `role_id`, `menu_id`) VALUES (243, 5, 17);
INSERT INTO `ums_role_menu_relation` (`id`, `role_id`, `menu_id`) VALUES (244, 5, 18);
INSERT INTO `ums_role_menu_relation` (`id`, `role_id`, `menu_id`) VALUES (245, 5, 19);
INSERT INTO `ums_role_menu_relation` (`id`, `role_id`, `menu_id`) VALUES (246, 5, 20);
INSERT INTO `ums_role_menu_relation` (`id`, `role_id`, `menu_id`) VALUES (247, 5, 21);
INSERT INTO `ums_role_menu_relation` (`id`, `role_id`, `menu_id`) VALUES (248, 5, 22);
INSERT INTO `ums_role_menu_relation` (`id`, `role_id`, `menu_id`) VALUES (249, 5, 23);
INSERT INTO `ums_role_menu_relation` (`id`, `role_id`, `menu_id`) VALUES (250, 5, 24);
INSERT INTO `ums_role_menu_relation` (`id`, `role_id`, `menu_id`) VALUES (251, 5, 25);
INSERT INTO `ums_role_permission_relation` (`id`, `role_id`, `permission_id`) VALUES (1, 1, 1);
INSERT INTO `ums_role_permission_relation` (`id`, `role_id`, `permission_id`) VALUES (2, 1, 2);
INSERT INTO `ums_role_permission_relation` (`id`, `role_id`, `permission_id`) VALUES (3, 1, 3);
INSERT INTO `ums_role_permission_relation` (`id`, `role_id`, `permission_id`) VALUES (4, 1, 7);
INSERT INTO `ums_role_permission_relation` (`id`, `role_id`, `permission_id`) VALUES (5, 1, 8);
INSERT INTO `ums_role_permission_relation` (`id`, `role_id`, `permission_id`) VALUES (6, 2, 4);
INSERT INTO `ums_role_permission_relation` (`id`, `role_id`, `permission_id`) VALUES (7, 2, 9);
INSERT INTO `ums_role_permission_relation` (`id`, `role_id`, `permission_id`) VALUES (8, 2, 10);
INSERT INTO `ums_role_permission_relation` (`id`, `role_id`, `permission_id`) VALUES (9, 2, 11);
INSERT INTO `ums_role_permission_relation` (`id`, `role_id`, `permission_id`) VALUES (10, 3, 5);
INSERT INTO `ums_role_permission_relation` (`id`, `role_id`, `permission_id`) VALUES (11, 3, 12);
INSERT INTO `ums_role_permission_relation` (`id`, `role_id`, `permission_id`) VALUES (12, 3, 13);
INSERT INTO `ums_role_permission_relation` (`id`, `role_id`, `permission_id`) VALUES (13, 3, 14);
INSERT INTO `ums_role_permission_relation` (`id`, `role_id`, `permission_id`) VALUES (14, 4, 6);
INSERT INTO `ums_role_permission_relation` (`id`, `role_id`, `permission_id`) VALUES (15, 4, 15);
INSERT INTO `ums_role_permission_relation` (`id`, `role_id`, `permission_id`) VALUES (16, 4, 16);
INSERT INTO `ums_role_permission_relation` (`id`, `role_id`, `permission_id`) VALUES (17, 4, 17);
INSERT INTO `ums_role_permission_relation` (`id`, `role_id`, `permission_id`) VALUES (18, 6, 1);
INSERT INTO `ums_role_permission_relation` (`id`, `role_id`, `permission_id`) VALUES (19, 6, 2);
INSERT INTO `ums_role_permission_relation` (`id`, `role_id`, `permission_id`) VALUES (20, 6, 3);
INSERT INTO `ums_role_permission_relation` (`id`, `role_id`, `permission_id`) VALUES (21, 6, 4);
INSERT INTO `ums_role_permission_relation` (`id`, `role_id`, `permission_id`) VALUES (22, 6, 5);
INSERT INTO `ums_role_permission_relation` (`id`, `role_id`, `permission_id`) VALUES (23, 6, 6);
INSERT INTO `ums_role_permission_relation` (`id`, `role_id`, `permission_id`) VALUES (24, 6, 7);
INSERT INTO `ums_role_permission_relation` (`id`, `role_id`, `permission_id`) VALUES (25, 6, 8);
INSERT INTO `ums_role_permission_relation` (`id`, `role_id`, `permission_id`) VALUES (26, 6, 9);
INSERT INTO `ums_role_permission_relation` (`id`, `role_id`, `permission_id`) VALUES (27, 6, 10);
INSERT INTO `ums_role_permission_relation` (`id`, `role_id`, `permission_id`) VALUES (28, 6, 11);
INSERT INTO `ums_role_permission_relation` (`id`, `role_id`, `permission_id`) VALUES (29, 6, 12);
INSERT INTO `ums_role_permission_relation` (`id`, `role_id`, `permission_id`) VALUES (30, 6, 13);
INSERT INTO `ums_role_permission_relation` (`id`, `role_id`, `permission_id`) VALUES (31, 6, 14);
INSERT INTO `ums_role_permission_relation` (`id`, `role_id`, `permission_id`) VALUES (32, 6, 15);
INSERT INTO `ums_role_permission_relation` (`id`, `role_id`, `permission_id`) VALUES (33, 6, 16);
INSERT INTO `ums_role_permission_relation` (`id`, `role_id`, `permission_id`) VALUES (34, 6, 17);
INSERT INTO `ums_role_permission_relation` (`id`, `role_id`, `permission_id`) VALUES (35, 6, 18);
INSERT INTO `ums_role_permission_relation` (`id`, `role_id`, `permission_id`) VALUES (36, 8, 1);
INSERT INTO `ums_role_permission_relation` (`id`, `role_id`, `permission_id`) VALUES (37, 8, 2);
INSERT INTO `ums_role_permission_relation` (`id`, `role_id`, `permission_id`) VALUES (38, 8, 3);
INSERT INTO `ums_role_permission_relation` (`id`, `role_id`, `permission_id`) VALUES (39, 8, 4);
INSERT INTO `ums_role_permission_relation` (`id`, `role_id`, `permission_id`) VALUES (40, 8, 5);
INSERT INTO `ums_role_permission_relation` (`id`, `role_id`, `permission_id`) VALUES (41, 8, 6);
INSERT INTO `ums_role_permission_relation` (`id`, `role_id`, `permission_id`) VALUES (42, 8, 7);
INSERT INTO `ums_role_permission_relation` (`id`, `role_id`, `permission_id`) VALUES (43, 8, 8);
INSERT INTO `ums_role_permission_relation` (`id`, `role_id`, `permission_id`) VALUES (44, 8, 9);
INSERT INTO `ums_role_permission_relation` (`id`, `role_id`, `permission_id`) VALUES (45, 8, 10);
INSERT INTO `ums_role_permission_relation` (`id`, `role_id`, `permission_id`) VALUES (46, 8, 11);
INSERT INTO `ums_role_permission_relation` (`id`, `role_id`, `permission_id`) VALUES (47, 8, 12);
INSERT INTO `ums_role_permission_relation` (`id`, `role_id`, `permission_id`) VALUES (48, 8, 13);
INSERT INTO `ums_role_permission_relation` (`id`, `role_id`, `permission_id`) VALUES (49, 8, 14);
INSERT INTO `ums_role_permission_relation` (`id`, `role_id`, `permission_id`) VALUES (50, 8, 15);
INSERT INTO `ums_role_permission_relation` (`id`, `role_id`, `permission_id`) VALUES (51, 8, 16);
INSERT INTO `ums_role_permission_relation` (`id`, `role_id`, `permission_id`) VALUES (52, 8, 17);
INSERT INTO `ums_role_permission_relation` (`id`, `role_id`, `permission_id`) VALUES (53, 8, 18);
INSERT INTO `ums_role_resource_relation` (`id`, `role_id`, `resource_id`) VALUES (194, 5, 1);
INSERT INTO `ums_role_resource_relation` (`id`, `role_id`, `resource_id`) VALUES (195, 5, 2);
INSERT INTO `ums_role_resource_relation` (`id`, `role_id`, `resource_id`) VALUES (196, 5, 3);
INSERT INTO `ums_role_resource_relation` (`id`, `role_id`, `resource_id`) VALUES (197, 5, 4);
INSERT INTO `ums_role_resource_relation` (`id`, `role_id`, `resource_id`) VALUES (198, 5, 5);
INSERT INTO `ums_role_resource_relation` (`id`, `role_id`, `resource_id`) VALUES (199, 5, 6);
INSERT INTO `ums_role_resource_relation` (`id`, `role_id`, `resource_id`) VALUES (200, 5, 8);
INSERT INTO `ums_role_resource_relation` (`id`, `role_id`, `resource_id`) VALUES (201, 5, 9);
INSERT INTO `ums_role_resource_relation` (`id`, `role_id`, `resource_id`) VALUES (202, 5, 10);
INSERT INTO `ums_role_resource_relation` (`id`, `role_id`, `resource_id`) VALUES (203, 5, 11);
INSERT INTO `ums_role_resource_relation` (`id`, `role_id`, `resource_id`) VALUES (204, 5, 12);
INSERT INTO `ums_role_resource_relation` (`id`, `role_id`, `resource_id`) VALUES (205, 5, 13);
INSERT INTO `ums_role_resource_relation` (`id`, `role_id`, `resource_id`) VALUES (206, 5, 14);
INSERT INTO `ums_role_resource_relation` (`id`, `role_id`, `resource_id`) VALUES (207, 5, 15);
INSERT INTO `ums_role_resource_relation` (`id`, `role_id`, `resource_id`) VALUES (208, 5, 16);
INSERT INTO `ums_role_resource_relation` (`id`, `role_id`, `resource_id`) VALUES (209, 5, 17);
INSERT INTO `ums_role_resource_relation` (`id`, `role_id`, `resource_id`) VALUES (210, 5, 18);
INSERT INTO `ums_role_resource_relation` (`id`, `role_id`, `resource_id`) VALUES (211, 5, 19);
INSERT INTO `ums_role_resource_relation` (`id`, `role_id`, `resource_id`) VALUES (212, 5, 20);
INSERT INTO `ums_role_resource_relation` (`id`, `role_id`, `resource_id`) VALUES (213, 5, 21);
INSERT INTO `ums_role_resource_relation` (`id`, `role_id`, `resource_id`) VALUES (214, 5, 22);
INSERT INTO `ums_role_resource_relation` (`id`, `role_id`, `resource_id`) VALUES (215, 5, 23);
INSERT INTO `ums_role_resource_relation` (`id`, `role_id`, `resource_id`) VALUES (216, 5, 24);
INSERT INTO `ums_role_resource_relation` (`id`, `role_id`, `resource_id`) VALUES (217, 5, 25);
INSERT INTO `ums_role_resource_relation` (`id`, `role_id`, `resource_id`) VALUES (218, 5, 26);
INSERT INTO `ums_role_resource_relation` (`id`, `role_id`, `resource_id`) VALUES (219, 5, 27);
INSERT INTO `ums_role_resource_relation` (`id`, `role_id`, `resource_id`) VALUES (220, 5, 28);
INSERT INTO `ums_role_resource_relation` (`id`, `role_id`, `resource_id`) VALUES (221, 5, 29);
INSERT INTO `ums_role_resource_relation` (`id`, `role_id`, `resource_id`) VALUES (222, 5, 30);
INSERT INTO `ums_role_resource_relation` (`id`, `role_id`, `resource_id`) VALUES (232, 2, 8);
INSERT INTO `ums_role_resource_relation` (`id`, `role_id`, `resource_id`) VALUES (233, 2, 9);
INSERT INTO `ums_role_resource_relation` (`id`, `role_id`, `resource_id`) VALUES (234, 2, 10);
INSERT INTO `ums_role_resource_relation` (`id`, `role_id`, `resource_id`) VALUES (235, 2, 11);
INSERT INTO `ums_role_resource_relation` (`id`, `role_id`, `resource_id`) VALUES (236, 2, 12);
INSERT INTO `ums_role_resource_relation` (`id`, `role_id`, `resource_id`) VALUES (237, 2, 31);
INSERT INTO `ums_role_resource_relation` (`id`, `role_id`, `resource_id`) VALUES (238, 2, 32);
INSERT INTO `ums_role_resource_relation` (`id`, `role_id`, `resource_id`) VALUES (239, 1, 1);
INSERT INTO `ums_role_resource_relation` (`id`, `role_id`, `resource_id`) VALUES (240, 1, 2);
INSERT INTO `ums_role_resource_relation` (`id`, `role_id`, `resource_id`) VALUES (241, 1, 3);
INSERT INTO `ums_role_resource_relation` (`id`, `role_id`, `resource_id`) VALUES (242, 1, 4);
INSERT INTO `ums_role_resource_relation` (`id`, `role_id`, `resource_id`) VALUES (243, 1, 5);
INSERT INTO `ums_role_resource_relation` (`id`, `role_id`, `resource_id`) VALUES (244, 1, 6);
INSERT INTO `ums_role_resource_relation` (`id`, `role_id`, `resource_id`) VALUES (245, 1, 23);
INSERT INTO `ums_role_resource_relation` (`id`, `role_id`, `resource_id`) VALUES (246, 1, 24);
INSERT INTO `ums_role_resource_relation` (`id`, `role_id`, `resource_id`) VALUES (247, 1, 31);
INSERT INTO `ums_role_resource_relation` (`id`, `role_id`, `resource_id`) VALUES (248, 1, 32);
INSERT INTO `ums_role_resource_relation` (`id`, `role_id`, `resource_id`) VALUES (249, 2, 25);
INSERT INTO `ums_role_resource_relation` (`id`, `role_id`, `resource_id`) VALUES (250, 2, 26);
INSERT INTO `ums_role_resource_relation` (`id`, `role_id`, `resource_id`) VALUES (251, 2, 27);
INSERT INTO `ums_role_resource_relation` (`id`, `role_id`, `resource_id`) VALUES (252, 2, 28);
INSERT INTO `ums_role_resource_relation` (`id`, `role_id`, `resource_id`) VALUES (253, 6, 1);
INSERT INTO `ums_role_resource_relation` (`id`, `role_id`, `resource_id`) VALUES (254, 6, 2);
INSERT INTO `ums_role_resource_relation` (`id`, `role_id`, `resource_id`) VALUES (255, 6, 3);
INSERT INTO `ums_role_resource_relation` (`id`, `role_id`, `resource_id`) VALUES (256, 6, 4);
INSERT INTO `ums_role_resource_relation` (`id`, `role_id`, `resource_id`) VALUES (257, 6, 5);
INSERT INTO `ums_role_resource_relation` (`id`, `role_id`, `resource_id`) VALUES (258, 6, 6);
INSERT INTO `ums_role_resource_relation` (`id`, `role_id`, `resource_id`) VALUES (259, 6, 7);
INSERT INTO `ums_role_resource_relation` (`id`, `role_id`, `resource_id`) VALUES (260, 6, 8);
INSERT INTO `ums_role_resource_relation` (`id`, `role_id`, `resource_id`) VALUES (261, 6, 9);
INSERT INTO `ums_role_resource_relation` (`id`, `role_id`, `resource_id`) VALUES (262, 6, 10);
INSERT INTO `ums_role_resource_relation` (`id`, `role_id`, `resource_id`) VALUES (263, 6, 11);
INSERT INTO `ums_role_resource_relation` (`id`, `role_id`, `resource_id`) VALUES (264, 6, 12);
INSERT INTO `ums_role_resource_relation` (`id`, `role_id`, `resource_id`) VALUES (265, 6, 13);
INSERT INTO `ums_role_resource_relation` (`id`, `role_id`, `resource_id`) VALUES (266, 6, 14);
INSERT INTO `ums_role_resource_relation` (`id`, `role_id`, `resource_id`) VALUES (267, 6, 15);
INSERT INTO `ums_role_resource_relation` (`id`, `role_id`, `resource_id`) VALUES (268, 6, 16);
INSERT INTO `ums_role_resource_relation` (`id`, `role_id`, `resource_id`) VALUES (269, 6, 17);
INSERT INTO `ums_role_resource_relation` (`id`, `role_id`, `resource_id`) VALUES (270, 6, 18);
INSERT INTO `ums_role_resource_relation` (`id`, `role_id`, `resource_id`) VALUES (271, 6, 19);
INSERT INTO `ums_role_resource_relation` (`id`, `role_id`, `resource_id`) VALUES (272, 6, 20);
INSERT INTO `ums_role_resource_relation` (`id`, `role_id`, `resource_id`) VALUES (273, 6, 21);
INSERT INTO `ums_role_resource_relation` (`id`, `role_id`, `resource_id`) VALUES (274, 6, 22);
INSERT INTO `ums_role_resource_relation` (`id`, `role_id`, `resource_id`) VALUES (275, 6, 23);
INSERT INTO `ums_role_resource_relation` (`id`, `role_id`, `resource_id`) VALUES (276, 6, 24);
INSERT INTO `ums_role_resource_relation` (`id`, `role_id`, `resource_id`) VALUES (277, 6, 25);
INSERT INTO `ums_role_resource_relation` (`id`, `role_id`, `resource_id`) VALUES (278, 6, 26);
INSERT INTO `ums_role_resource_relation` (`id`, `role_id`, `resource_id`) VALUES (279, 6, 27);
INSERT INTO `ums_role_resource_relation` (`id`, `role_id`, `resource_id`) VALUES (280, 6, 28);
INSERT INTO `ums_role_resource_relation` (`id`, `role_id`, `resource_id`) VALUES (281, 6, 29);
INSERT INTO `ums_role_resource_relation` (`id`, `role_id`, `resource_id`) VALUES (282, 6, 30);
INSERT INTO `ums_role_resource_relation` (`id`, `role_id`, `resource_id`) VALUES (283, 6, 31);
INSERT INTO `ums_role_resource_relation` (`id`, `role_id`, `resource_id`) VALUES (284, 6, 32);
INSERT INTO `ums_role_resource_relation` (`id`, `role_id`, `resource_id`) VALUES (285, 8, 1);
INSERT INTO `ums_role_resource_relation` (`id`, `role_id`, `resource_id`) VALUES (286, 8, 2);
INSERT INTO `ums_role_resource_relation` (`id`, `role_id`, `resource_id`) VALUES (287, 8, 3);
INSERT INTO `ums_role_resource_relation` (`id`, `role_id`, `resource_id`) VALUES (288, 8, 4);
INSERT INTO `ums_role_resource_relation` (`id`, `role_id`, `resource_id`) VALUES (289, 8, 5);
INSERT INTO `ums_role_resource_relation` (`id`, `role_id`, `resource_id`) VALUES (290, 8, 6);
INSERT INTO `ums_role_resource_relation` (`id`, `role_id`, `resource_id`) VALUES (291, 8, 7);
INSERT INTO `ums_role_resource_relation` (`id`, `role_id`, `resource_id`) VALUES (292, 8, 8);
INSERT INTO `ums_role_resource_relation` (`id`, `role_id`, `resource_id`) VALUES (293, 8, 9);
INSERT INTO `ums_role_resource_relation` (`id`, `role_id`, `resource_id`) VALUES (294, 8, 10);
INSERT INTO `ums_role_resource_relation` (`id`, `role_id`, `resource_id`) VALUES (295, 8, 11);
INSERT INTO `ums_role_resource_relation` (`id`, `role_id`, `resource_id`) VALUES (296, 8, 12);
INSERT INTO `ums_role_resource_relation` (`id`, `role_id`, `resource_id`) VALUES (297, 8, 13);
INSERT INTO `ums_role_resource_relation` (`id`, `role_id`, `resource_id`) VALUES (298, 8, 14);
INSERT INTO `ums_role_resource_relation` (`id`, `role_id`, `resource_id`) VALUES (299, 8, 15);
INSERT INTO `ums_role_resource_relation` (`id`, `role_id`, `resource_id`) VALUES (300, 8, 16);
INSERT INTO `ums_role_resource_relation` (`id`, `role_id`, `resource_id`) VALUES (301, 8, 17);
INSERT INTO `ums_role_resource_relation` (`id`, `role_id`, `resource_id`) VALUES (302, 8, 18);
INSERT INTO `ums_role_resource_relation` (`id`, `role_id`, `resource_id`) VALUES (303, 8, 19);
INSERT INTO `ums_role_resource_relation` (`id`, `role_id`, `resource_id`) VALUES (304, 8, 20);
INSERT INTO `ums_role_resource_relation` (`id`, `role_id`, `resource_id`) VALUES (305, 8, 21);
INSERT INTO `ums_role_resource_relation` (`id`, `role_id`, `resource_id`) VALUES (306, 8, 22);
INSERT INTO `ums_role_resource_relation` (`id`, `role_id`, `resource_id`) VALUES (307, 8, 23);
INSERT INTO `ums_role_resource_relation` (`id`, `role_id`, `resource_id`) VALUES (308, 8, 24);
INSERT INTO `ums_role_resource_relation` (`id`, `role_id`, `resource_id`) VALUES (309, 8, 25);
INSERT INTO `ums_role_resource_relation` (`id`, `role_id`, `resource_id`) VALUES (310, 8, 26);
INSERT INTO `ums_role_resource_relation` (`id`, `role_id`, `resource_id`) VALUES (311, 8, 27);
INSERT INTO `ums_role_resource_relation` (`id`, `role_id`, `resource_id`) VALUES (312, 8, 28);
INSERT INTO `ums_role_resource_relation` (`id`, `role_id`, `resource_id`) VALUES (313, 8, 29);
INSERT INTO `ums_role_resource_relation` (`id`, `role_id`, `resource_id`) VALUES (314, 8, 30);
INSERT INTO `ums_role_resource_relation` (`id`, `role_id`, `resource_id`) VALUES (315, 8, 31);
INSERT INTO `ums_role_resource_relation` (`id`, `role_id`, `resource_id`) VALUES (316, 8, 32);
INSERT INTO `ums_role_resource_relation` (`id`, `role_id`, `resource_id`) VALUES (317, 7, 1);
INSERT INTO `ums_role_resource_relation` (`id`, `role_id`, `resource_id`) VALUES (318, 7, 2);
INSERT INTO `ums_role_resource_relation` (`id`, `role_id`, `resource_id`) VALUES (319, 7, 3);
INSERT INTO `ums_role_resource_relation` (`id`, `role_id`, `resource_id`) VALUES (320, 7, 4);
INSERT INTO `ums_role_resource_relation` (`id`, `role_id`, `resource_id`) VALUES (321, 7, 5);
INSERT INTO `ums_role_resource_relation` (`id`, `role_id`, `resource_id`) VALUES (322, 7, 6);
INSERT INTO `ums_role_resource_relation` (`id`, `role_id`, `resource_id`) VALUES (323, 7, 7);
INSERT INTO `ums_role_resource_relation` (`id`, `role_id`, `resource_id`) VALUES (324, 7, 8);
INSERT INTO `ums_role_resource_relation` (`id`, `role_id`, `resource_id`) VALUES (325, 7, 9);
INSERT INTO `ums_role_resource_relation` (`id`, `role_id`, `resource_id`) VALUES (326, 7, 10);
INSERT INTO `ums_role_resource_relation` (`id`, `role_id`, `resource_id`) VALUES (327, 7, 11);
INSERT INTO `ums_role_resource_relation` (`id`, `role_id`, `resource_id`) VALUES (328, 7, 12);
INSERT INTO `ums_role_resource_relation` (`id`, `role_id`, `resource_id`) VALUES (329, 7, 13);
INSERT INTO `ums_role_resource_relation` (`id`, `role_id`, `resource_id`) VALUES (330, 7, 14);
INSERT INTO `ums_role_resource_relation` (`id`, `role_id`, `resource_id`) VALUES (331, 7, 15);
INSERT INTO `ums_role_resource_relation` (`id`, `role_id`, `resource_id`) VALUES (332, 7, 16);
INSERT INTO `ums_role_resource_relation` (`id`, `role_id`, `resource_id`) VALUES (333, 7, 17);
INSERT INTO `ums_role_resource_relation` (`id`, `role_id`, `resource_id`) VALUES (334, 7, 18);
INSERT INTO `ums_role_resource_relation` (`id`, `role_id`, `resource_id`) VALUES (335, 7, 19);
INSERT INTO `ums_role_resource_relation` (`id`, `role_id`, `resource_id`) VALUES (336, 7, 20);
INSERT INTO `ums_role_resource_relation` (`id`, `role_id`, `resource_id`) VALUES (337, 7, 21);
INSERT INTO `ums_role_resource_relation` (`id`, `role_id`, `resource_id`) VALUES (338, 7, 22);
INSERT INTO `ums_role_resource_relation` (`id`, `role_id`, `resource_id`) VALUES (339, 7, 23);
INSERT INTO `ums_role_resource_relation` (`id`, `role_id`, `resource_id`) VALUES (340, 7, 24);
INSERT INTO `ums_role_resource_relation` (`id`, `role_id`, `resource_id`) VALUES (341, 7, 25);
INSERT INTO `ums_role_resource_relation` (`id`, `role_id`, `resource_id`) VALUES (342, 7, 26);
INSERT INTO `ums_role_resource_relation` (`id`, `role_id`, `resource_id`) VALUES (343, 7, 27);
INSERT INTO `ums_role_resource_relation` (`id`, `role_id`, `resource_id`) VALUES (344, 7, 28);
INSERT INTO `ums_role_resource_relation` (`id`, `role_id`, `resource_id`) VALUES (345, 7, 29);
INSERT INTO `ums_role_resource_relation` (`id`, `role_id`, `resource_id`) VALUES (346, 7, 30);
INSERT INTO `ums_role_resource_relation` (`id`, `role_id`, `resource_id`) VALUES (347, 7, 31);
INSERT INTO `ums_role_resource_relation` (`id`, `role_id`, `resource_id`) VALUES (348, 7, 32);
INSERT INTO `wms_admin_warehouse_relation` (`id`, `admin_id`, `warehouse_id`) VALUES (1, 3, 1);
INSERT INTO `wms_admin_warehouse_relation` (`id`, `admin_id`, `warehouse_id`) VALUES (2, 3, 3);
INSERT INTO `wms_admin_warehouse_relation` (`id`, `admin_id`, `warehouse_id`) VALUES (3, 3, 4);
INSERT INTO `wms_admin_warehouse_relation` (`id`, `admin_id`, `warehouse_id`) VALUES (4, 3, 2);
INSERT INTO `wms_admin_warehouse_relation` (`id`, `admin_id`, `warehouse_id`) VALUES (5, 3, 5);
INSERT INTO `wms_center` (`id`, `country_code`, `center_name`, `name`, `phone`, `post_code`, `province`, `city`, `region`, `street`, `street_Num`, `detail_address`) VALUES (1, 'CN', '中国', '张伟', '13812345678', '100000', '北京市', '北京市', '朝阳区', NULL, NULL, '北京市朝阳区建国路88号');
INSERT INTO `wms_center` (`id`, `country_code`, `center_name`, `name`, `phone`, `post_code`, `province`, `city`, `region`, `street`, `street_Num`, `detail_address`) VALUES (2, 'FR', '法国', 'Pierre Dupont', '+33 6 12 34 56 78', '75001', 'Île-de-France', 'Paris', 'Paris', NULL, NULL, '1 Rue de Rivoli, 75001 Paris, France');
INSERT INTO `wms_center` (`id`, `country_code`, `center_name`, `name`, `phone`, `post_code`, `province`, `city`, `region`, `street`, `street_Num`, `detail_address`) VALUES (3, 'GB', '英国', 'John Smith', '+44 7911 123456', 'EC1A 1BB', 'England', 'London', 'Greater London', NULL, NULL, '88 Old Street, London, EC1A 1BB, England');
INSERT INTO `wms_center` (`id`, `country_code`, `center_name`, `name`, `phone`, `post_code`, `province`, `city`, `region`, `street`, `street_Num`, `detail_address`) VALUES (4, 'DE', '德国', 'Max Müller', '+49 170 1234567', '10115', 'Berlin', 'Berlin', 'Mitte', NULL, NULL, 'Invalidenstraße 123, 10115 Berlin, Deutschland');
INSERT INTO `wms_warehouse` (`id`, `name`, `location`, `manager`, `contact_number`, `create_time`, `status`, `update_time`) VALUES (1, '北京仓库', '中国', NULL, NULL, '2025-02-06 13:04:31', 1, '2025-02-07 11:45:21');
INSERT INTO `wms_warehouse` (`id`, `name`, `location`, `manager`, `contact_number`, `create_time`, `status`, `update_time`) VALUES (2, '上海仓库', '中国', NULL, NULL, '2025-02-06 13:04:31', 1, '2025-02-07 11:45:21');
INSERT INTO `wms_warehouse` (`id`, `name`, `location`, `manager`, `contact_number`, `create_time`, `status`, `update_time`) VALUES (3, '伦敦仓库', '英国', NULL, NULL, '2025-02-06 13:04:31', 1, '2025-02-07 11:45:21');
INSERT INTO `wms_warehouse` (`id`, `name`, `location`, `manager`, `contact_number`, `create_time`, `status`, `update_time`) VALUES (4, '巴黎仓库', '法国', NULL, NULL, '2025-02-06 13:04:31', 1, '2025-02-07 11:45:21');
INSERT INTO `wms_warehouse` (`id`, `name`, `location`, `manager`, `contact_number`, `create_time`, `status`, `update_time`) VALUES (5, '柏林仓库', '德国', NULL, NULL, '2025-02-06 13:04:31', 1, '2025-02-07 11:45:21');
INSERT INTO `wms_warehouse` (`id`, `name`, `location`, `manager`, `contact_number`, `create_time`, `status`, `update_time`) VALUES (6, NULL, NULL, NULL, NULL, NULL, 1, '2025-02-14 17:31:37');
